chain,conId,localSymbol,expiry,strike,right,exchange,tradingClass,bid,ask,last,close,iv,delta,gamma,vega,theta,has_bid_ask,has_greeks
SPXW,872180719,SPXW  260518P02800000,20260518,2800.0,P,SMART,SPXW,-1.0,-1.0,,0.0,1.0204753939174591,0.0,6.958101326144832e-29,0.0,-0.0,True,True
SPXW,872180734,SPXW  260518P03000000,20260518,3000.0,P,SMART,SPXW,-1.0,-1.0,,0.0,0.9375131869928194,0.0,2.1657049806039283e-28,0.0,-0.0,True,True
SPXW,872180760,SPXW  260518P03200000,20260518,3200.0,P,SMART,SPXW,-1.0,-1.0,,0.0,0.8604150198768069,0.0,2.0386450457610303e-28,0.0,-0.0,True,True
SPXW,872180784,SPXW  260518P03400000,20260518,3400.0,P,SMART,SPXW,-1.0,-1.0,,0.0,0.7994121517792921,0.0,3.18565251654106e-28,0.0,-0.0,True,True
SPXW,872180808,SPXW  260518P03600000,20260518,3600.0,P,SMART,SPXW,-1.0,-1.0,,0.0,0.7561855561932184,0.0,1.886648083248588e-27,0.0,-0.0,True,True
SPXW,872180825,SPXW  260518P03800000,20260518,3800.0,P,SMART,SPXW,-1.0,-1.0,,0.0,0.7283603443058115,0.0,4.853291883615464e-26,0.0,-0.0,True,True
SPXW,872180849,SPXW  260518P04000000,20260518,4000.0,P,SMART,SPXW,-1.0,-1.0,,0.0,0.7119611986098557,0.0,3.8306091513245156e-24,0.0,-0.0,True,True
SPXW,872180865,SPXW  260518P04200000,20260518,4200.0,P,SMART,SPXW,-1.0,-1.0,,0.0,0.7026711662817329,0.0,5.345822618658336e-22,0.0,-0.0,True,True
SPXW,872180895,SPXW  260518P04400000,20260518,4400.0,P,SMART,SPXW,-1.0,-1.0,,0.0,0.696509784882164,0.0,7.876555730252139e-20,0.0,-0.0,True,True
SPXW,872180908,SPXW  260518P04600000,20260518,4600.0,P,SMART,SPXW,-1.0,-1.0,,0.0,0.6901200158087254,-4.441011113912479e-16,8.569532460815235e-18,-1.4166052713844073e-13,-2.8372360274402586e-13,True,True
SPXW,872180925,SPXW  260518P04800000,20260518,4800.0,P,SMART,SPXW,-1.0,-1.0,,0.0,0.6809084584788483,-3.2530406409408906e-14,5.707960288306906e-16,2.842865340499134e-12,-1.398826301277116e-12,True,True
SPXW,872180945,SPXW  260518P05000000,20260518,5000.0,P,SMART,SPXW,-1.0,-1.0,,0.0,0.6670062015364207,-1.2987737002637045e-12,2.201799011435384e-14,9.144505149647499e-11,-7.29385459085607e-11,True,True
SPXW,872180968,SPXW  260518P05200000,20260518,5200.0,P,SMART,SPXW,-1.0,-1.0,,0.0,0.6472373618879096,-3.053095218064766e-11,5.042833376561649e-13,1.9434362573439615e-09,-1.7797203352107973e-09,True,True
SPXW,872180982,SPXW  260518P05400000,20260518,5400.0,P,SMART,SPXW,-1.0,-1.0,,0.0,0.6210310294857909,-4.50397576948553e-10,7.332086374096343e-12,2.6196168645986642e-08,-2.669028464425635e-08,True,True
SPXW,872181000,SPXW  260518P05500000,20260518,5500.0,P,SMART,SPXW,-1.0,-1.0,,0.0,0.6054825125575569,-1.4903947808826334e-09,2.420324435450061e-11,8.313784995595341e-08,-8.859673935747952e-08,True,True
SPXW,872181017,SPXW  260518P05600000,20260518,5600.0,P,SMART,SPXW,-1.0,-1.0,,0.0,0.5883584636750929,-4.531189286364085e-09,7.365222073821164e-11,2.429100888951707e-07,-2.6921221667314153e-07,True,True
SPXW,872181041,SPXW  260518P05700000,20260518,5700.0,P,SMART,SPXW,-1.0,-1.0,,0.0,0.5698085589654223,-1.2834723408035802e-08,2.0949370920891055e-10,6.62242621547122e-07,-7.594635845487657e-07,True,True
SPXW,872181059,SPXW  260518P05800000,20260518,5800.0,P,SMART,SPXW,-1.0,-1.0,,0.0,0.5502382427299564,-3.4053260540523134e-08,5.601617420034903e-10,1.693727966117168e-06,-1.999073894668479e-06,True,True
SPXW,872181068,SPXW  260518P05900000,20260518,5900.0,P,SMART,SPXW,-1.0,-1.0,,0.0,0.5307935338014038,-8.578743935681762e-08,1.4270226402327974e-09,4.116973681167783e-06,-4.977670022753483e-06,True,True
SPXW,873296681,SPXW  260518P05925000,20260518,5925.0,P,SMART,SPXW,-1.0,-1.0,,0.0,0.5261930774799785,-1.0742548283704624e-07,1.7928049403547502e-09,5.1097415286466405e-06,-6.211757404560492e-06,True,True
SPXW,873296696,SPXW  260518P05950000,20260518,5950.0,P,SMART,SPXW,-1.0,-1.0,,0.0,0.521832717988152,-1.351491135705436e-07,2.2621984729758653e-09,6.368699834816702e-06,-7.790068509667803e-06,True,True
SPXW,873296714,SPXW  260518P05975000,20260518,5975.0,P,SMART,SPXW,-1.0,-1.0,,0.0,0.5177385348091396,-1.696603957938451e-07,2.848851652259599e-09,7.920676066885003e-06,-9.746270844924216e-06,True,True
SPXW,872181099,SPXW  260518P06000000,20260518,6000.0,P,SMART,SPXW,-1.0,-1.0,,0.0,0.513921350041418,-2.1210749908319305e-07,3.5740761003696614e-09,9.811564244177834e-06,-1.2139101678400053e-05,True,True
SPXW,873296731,SPXW  260518P06025000,20260518,6025.0,P,SMART,SPXW,-1.0,-1.0,,0.0,0.5104229736501418,-2.642490870439798e-07,4.4696490546755196e-09,1.2112582042561604e-05,-1.506161506423467e-05,True,True
SPXW,873296743,SPXW  260518P06050000,20260518,6050.0,P,SMART,SPXW,-1.0,-1.0,,0.0,0.5072884090065729,-3.286117816866875e-07,5.580599339955738e-09,1.4925886260367012e-05,-1.8649664595593186e-05,True,True
SPXW,873296758,SPXW  260518P06075000,20260518,6075.0,P,SMART,SPXW,-1.0,-1.0,,0.0,0.5045961311089573,-4.100976563462662e-07,6.99093495425337e-09,1.845053941696827e-05,-2.3178098818237783e-05,True,True
SPXW,872181114,SPXW  260518P06100000,20260518,6100.0,P,SMART,SPXW,-1.0,-1.0,,0.0,0.5023223668229357,-5.125082108739357e-07,8.769595547069982e-09,2.2833782049161856e-05,-2.884682804740588e-05,True,True
SPXW,873296774,SPXW  260518P06125000,20260518,6125.0,P,SMART,SPXW,-1.0,-1.0,,0.0,0.5003801845377911,-6.37392195158666e-07,1.0952450058425637e-08,2.8126836485079833e-05,-3.571100971418872e-05,True,True
SPXW,873296791,SPXW  260518P06150000,20260518,6150.0,P,SMART,SPXW,-1.0,-1.0,,0.0,0.4987459885306148,-7.896656174290552e-07,1.3631505652282873e-08,3.451826379694857e-05,-4.402022495193841e-05,True,True
SPXW,873296797,SPXW  260518P06175000,20260518,6175.0,P,SMART,SPXW,-1.0,-1.0,,0.0,0.49737980208790705,-9.76124403555789e-07,1.6932631977232918e-08,4.226772964219423e-05,-5.412395042936006e-05,True,True
SPXW,872181137,SPXW  260518P06200000,20260518,6200.0,P,SMART,SPXW,-1.0,-1.0,,0.0,0.4962158646987037,-1.205571952105933e-06,2.1018934399046357e-08,5.170799710862116e-05,-6.64745934336921e-05,True,True
SPXW,873296816,SPXW  260518P06225000,20260518,6225.0,P,SMART,SPXW,-1.0,-1.0,,0.0,0.4951963993673108,-1.4952840636614745e-06,2.6196070465715646e-08,6.349546204722015e-05,-8.200585891366473e-05,True,True
SPXW,872181154,SPXW  260518P06250000,20260518,6250.0,P,SMART,SPXW,-1.0,-1.0,,0.0,0.49432495432273704,-1.8969399318808792e-06,3.3332330071548744e-08,7.959714505286278e-05,-0.00010365379558047053,True,True
SPXW,872181174,SPXW  260518P06275000,20260518,6275.0,P,SMART,SPXW,-1.0,-1.0,,0.0,0.4932131463313888,-2.395093353615518e-06,4.223156943809851e-08,9.932416937563984e-05,-0.0001303280943258287,True,True
SPXW,872181185,SPXW  260518P06300000,20260518,6300.0,P,SMART,SPXW,-1.0,-1.0,,0.0,0.4919141101226735,-3.114129471025487e-06,5.4958827682724434e-08,0.00012730469129471414,-0.0001691558595494282,True,True
SPXW,872181205,SPXW  260518P06325000,20260518,6325.0,P,SMART,SPXW,-1.0,-1.0,,0.0,0.4904161069722869,-4.4141476988158755e-06,7.734705166819378e-08,0.00017658354157862322,-0.00024118924718748963,True,True
SPXW,872181219,SPXW  260518P06350000,20260518,6350.0,P,SMART,SPXW,-1.0,-1.0,,0.0,0.48851345787201594,-6.481496762423184e-06,1.1232644463837773e-07,0.0002528447729552505,-0.0003575122368088008,True,True
SPXW,872181240,SPXW  260518P06375000,20260518,6375.0,P,SMART,SPXW,-1.0,-1.0,,0.0,0.4863484468051156,-9.55424790711373e-06,1.635720805914846e-07,0.0003630711095577721,-0.0005324725609991367,True,True
SPXW,872181259,SPXW  260518P06400000,20260518,6400.0,P,SMART,SPXW,-1.0,-1.0,,0.0,0.483925568194997,-1.3738065709186505e-05,2.3274727650640305e-07,0.000509248241628249,-0.0007721358911621672,True,True
SPXW,872181274,SPXW  260518P06425000,20260518,6425.0,P,SMART,SPXW,-1.0,-1.0,,0.0,0.4809674392388933,-2.269680232193791e-05,3.7455693974626027e-07,0.0008100658050897436,-0.0013053109086859829,True,True
SPXW,872181298,SPXW  260518P06450000,20260518,6450.0,P,SMART,SPXW,-1.0,-1.0,,0.0,0.47559556836236877,-4.410444206728521e-05,6.941865069801994e-07,0.0014912334605959865,-0.0026450064153389777,True,True
SPXW,872181322,SPXW  260518P06475000,20260518,6475.0,P,SMART,SPXW,-1.0,-1.0,,0.0,0.4668178707345488,-8.190459194356466e-05,1.2302531187209894e-06,0.002628207608182942,-0.005113088655290301,True,True
SPXW,872181332,SPXW  260518P06500000,20260518,6500.0,P,SMART,SPXW,-1.0,-1.0,,0.0,0.4568350466924478,-0.0001246585569782559,1.825941269650911e-06,0.003861369777407142,-0.007935350950219834,True,True
SPXW,872181346,SPXW  260518P06525000,20260518,6525.0,P,SMART,SPXW,-1.0,-1.0,,0.0,0.44735382395789797,-0.0001665147603193367,2.4166028275924153e-06,0.00503749652599228,-0.010649216839948038,True,True
SPXW,872181366,SPXW  260518P06550000,20260518,6550.0,P,SMART,SPXW,-1.0,-1.0,,0.0,0.43768327363715087,-0.0002154928323292836,3.110470141601856e-06,0.006382852996819066,-0.01379298111949033,True,True
SPXW,872181385,SPXW  260518P06575000,20260518,6575.0,P,SMART,SPXW,-1.0,-1.0,,0.0,0.4274668578519672,-0.0003517145921232491,4.874432969089458e-06,0.0099465642456793,-0.02321306340179299,True,True
SPXW,872181405,SPXW  260518P06600000,20260518,6600.0,P,SMART,SPXW,-1.0,-1.0,,0.0,0.4167567060002019,-0.00048520729166315866,6.605684196118698e-06,0.013315018113905452,-0.032343131362079475,True,True
SPXW,872181424,SPXW  260518P06625000,20260518,6625.0,P,SMART,SPXW,-1.0,-1.0,,0.0,0.4056524641798537,-0.0006052679884454364,8.218837971292102e-06,0.016281771346928764,-0.04020166173003192,True,True
SPXW,872181442,SPXW  260518P06650000,20260518,6650.0,P,SMART,SPXW,-1.0,-1.0,,0.0,0.39422483085392374,-0.0006926742643977638,9.517539559159837e-06,0.018435516631286397,-0.045276696990725784,True,True
SPXW,872181468,SPXW  260518P06675000,20260518,6675.0,P,SMART,SPXW,-1.0,-1.0,,0.0,0.3825765272522184,-0.0007427223240222718,1.0448824506485924e-05,0.019703536060985627,-0.04730243755084362,True,True
SPXW,872181477,SPXW  260518P06700000,20260518,6700.0,P,SMART,SPXW,-1.0,-1.0,,0.0,0.3708202983514938,-0.0007773133146714836,1.1254834935444138e-05,0.020615512685768778,-0.048018541618729094,True,True
SPXW,872181502,SPXW  260518P06725000,20260518,6725.0,P,SMART,SPXW,-1.0,-1.0,,0.0,0.3590557311125985,-0.0008080723163697165,1.2070102046940518e-05,0.02144722146887279,-0.048315022040771816,True,True
SPXW,872181519,SPXW  260518P06750000,20260518,6750.0,P,SMART,SPXW,-1.0,-1.0,,0.05,0.3473618031995543,-0.0008479758987239721,1.3061961506363151e-05,0.02250326870096675,-0.04907311748209148,True,True
SPXW,873296826,SPXW  260518P06760000,20260518,6760.0,P,SMART,SPXW,-1.0,-1.0,,0.05,0.34271779236704536,-0.0008731916086045197,1.359819128556442e-05,0.023144336694853607,-0.049928804150184136,True,True
SPXW,873296839,SPXW  260518P06770000,20260518,6770.0,P,SMART,SPXW,-1.0,-1.0,,0.05,0.33809770251177107,-0.0009080377225561106,1.4274530134852344e-05,0.024010175016647928,-0.051361483003165787,True,True
SPXW,872181534,SPXW  260518P06775000,20260518,6775.0,P,SMART,SPXW,-1.0,-1.0,,0.05,0.3357974743510584,-0.0009373832765517152,1.4774374466129222e-05,0.024718789443253897,-0.05282269738860079,True,True
SPXW,873296854,SPXW  260518P06780000,20260518,6780.0,P,SMART,SPXW,-1.0,-1.0,,0.05,0.3335039286883124,-0.0009708876374111524,1.533389108537292e-05,0.025521890333038755,-0.05452900696939911,True,True
SPXW,873296864,SPXW  260518P06790000,20260518,6790.0,P,SMART,SPXW,-1.0,-1.0,,0.05,0.3289374762282219,-0.001041713723656099,1.6520965243794284e-05,0.027210103122810025,-0.05811233466893628,True,True
SPXW,872181561,SPXW  260518P06800000,20260518,6800.0,P,SMART,SPXW,-1.0,-1.0,,0.1,0.3244030465349363,-0.001118115586038991,1.7807194926086273e-05,0.029017407449163812,-0.06194529580365837,True,True
SPXW,873296879,SPXW  260518P06810000,20260518,6810.0,P,SMART,SPXW,-1.0,-1.0,,0.1,0.31990276854586086,-0.001201618319300736,1.9215233985181502e-05,0.030976351697365345,-0.06611246930037928,True,True
SPXW,873296891,SPXW  260518P06820000,20260518,6820.0,P,SMART,SPXW,-1.0,-1.0,,0.1,0.3154383572383499,-0.0012931360755496814,2.0760136484526867e-05,0.033104832446495536,-0.07065716754909124,True,True
SPXW,872181589,SPXW  260518P06825000,20260518,6825.0,P,SMART,SPXW,-1.0,-1.0,,0.1,0.31322003403059157,-0.001341927920481369,2.158533875926909e-05,0.034232348230428755,-0.07306789786333234,True,True
SPXW,873296902,SPXW  260518P06830000,20260518,6830.0,P,SMART,SPXW,-1.0,-1.0,,0.1,0.311009664769528,-0.001392593901414578,2.244439064009444e-05,0.03539830670752053,-0.07555894015124553,True,True
SPXW,873296908,SPXW  260518P06840000,20260518,6840.0,P,SMART,SPXW,-1.0,-1.0,,0.15,0.30661568580784276,-0.0014983342237499002,2.425014142252714e-05,0.03781777729363078,-0.08069860374548865,True,True
SPXW,872181606,SPXW  260518P06850000,20260518,6850.0,P,SMART,SPXW,-1.0,-1.0,,0.15,0.3022580761934982,-0.0016060158551786778,2.6124668771323336e-05,0.04026742897133673,-0.08579381820736343,True,True
SPXW,873296925,SPXW  260518P06860000,20260518,6860.0,P,SMART,SPXW,-1.0,-1.0,,0.15,0.2979362445549929,-0.0017080694438276717,2.7972609216308896e-05,0.04258509750271955,-0.09037309260220194,True,True
SPXW,873296942,SPXW  260518P06870000,20260518,6870.0,P,SMART,SPXW,-1.0,-1.0,,0.15,0.29364880116929837,-0.0017943848893349592,2.9663071600453635e-05,0.04455851923691867,-0.09382999385021584,True,True
SPXW,872181634,SPXW  260518P06875000,20260518,6875.0,P,SMART,SPXW,-1.0,-1.0,,0.2,0.29151738000368177,-0.0018291312568026608,3.041560731380862e-05,0.04536467148809109,-0.09499577659152791,True,True
SPXW,873296954,SPXW  260518P06880000,20260518,6880.0,P,SMART,SPXW,-1.0,-1.0,,0.2,0.2893937649418846,-0.001858085743608308,3.110297647443491e-05,0.04604766559862661,-0.09578377833838748,True,True
SPXW,873296967,SPXW  260518P06890000,20260518,6890.0,P,SMART,SPXW,-1.0,-1.0,,0.2,0.28516826772096965,-0.0018992299095544015,3.228618203040679e-05,0.047059498789195686,-0.09629226596320815,True,True
SPXW,872181645,SPXW  260518P06900000,20260518,6900.0,P,SMART,SPXW,-1.0,-1.0,,0.2,0.28096876127754444,-0.0019222851743112548,3.326380049861128e-05,0.04769196942506504,-0.09567652673030612,True,True
SPXW,873296979,SPXW  260518P06910000,20260518,6910.0,P,SMART,SPXW,-1.0,-1.0,,0.2,0.27679098773679844,-0.001936310535221058,3.415288310667015e-05,0.048138831231312906,-0.09450400347368948,True,True
SPXW,879992106,SPXW  260518P06915000,20260518,6915.0,P,SMART,SPXW,-1.0,-1.0,,0.25,0.27470870954295445,-0.0019445787771144752,3.462870944428593e-05,0.048391737593997064,-0.09397705877006256,True,True
SPXW,873296992,SPXW  260518P06920000,20260518,6920.0,P,SMART,SPXW,-1.0,-1.0,,0.25,0.2726299500095442,-0.0019563571671303618,3.516457445565956e-05,0.04872144543885781,-0.09363541658507146,True,True
SPXW,872181664,SPXW  260518P06925000,20260518,6925.0,P,SMART,SPXW,-1.0,-1.0,,0.25,0.27055391078504076,-0.0019731070072561393,3.5783315116848284e-05,0.04915921121894229,-0.09355339790988126,True,True
SPXW,873296997,SPXW  260518P06930000,20260518,6930.0,P,SMART,SPXW,-1.0,-1.0,,0.25,0.2684798822236424,-0.0019950924318690886,3.649099947857577e-05,0.04971064533716785,-0.09373767404392308,True,True
SPXW,879992111,SPXW  260518P06935000,20260518,6935.0,P,SMART,SPXW,-1.0,-1.0,,0.25,0.26640706597382197,-0.0020220828056647993,3.728650415859038e-05,0.050370693911322206,-0.0941681103729326,True,True
SPXW,873297009,SPXW  260518P06940000,20260518,6940.0,P,SMART,SPXW,-1.0,-1.0,,0.25,0.26433457497832735,-0.0020533719357093954,3.816153086635262e-05,0.051124105933409325,-0.0947999245903728,True,True
SPXW,879992113,SPXW  260518P06945000,20260518,6945.0,P,SMART,SPXW,-1.0,-1.0,,0.25,0.2622615813170565,-0.0020881405293546704,3.910578961792916e-05,0.05195323359638593,-0.09558381789738112,True,True
SPXW,872181679,SPXW  260518P06950000,20260518,6950.0,P,SMART,SPXW,-1.0,-1.0,,0.25,0.2601872275013323,-0.002125615855520385,4.010937283544739e-05,0.052841480815672526,-0.0964744766044261,True,True
SPXW,879992116,SPXW  260518P06955000,20260518,6955.0,P,SMART,SPXW,-1.0,-1.0,,0.25,0.25811059690532734,-0.002165128329215632,4.1163657661699254e-05,0.05377452658321147,-0.09743333072751705,True,True
SPXW,873615684,SPXW  260518P06960000,20260518,6960.0,P,SMART,SPXW,-1.0,-1.0,,0.3,0.25603083204036464,-0.0022061894957738247,4.226255443539927e-05,0.05474197317528251,-0.09843230891129372,True,True
SPXW,879992123,SPXW  260518P06965000,20260518,6965.0,P,SMART,SPXW,-1.0,-1.0,,0.3,0.2539470162806168,-0.002248546097937728,4.3403427876391366e-05,0.05573846053531639,-0.09945619603965183,True,True
SPXW,873615696,SPXW  260518P06970000,20260518,6970.0,P,SMART,SPXW,-1.0,-1.0,,0.3,0.2518582921374067,-0.0022921657496174737,4.458699584328771e-05,0.05676332176798837,-0.10050139616232756,True,True
SPXW,872181699,SPXW  260518P06975000,20260518,6975.0,P,SMART,SPXW,-1.0,-1.0,,0.3,0.24976380212205723,-0.0023371683175596,4.581638027546641e-05,0.05781909871441826,-0.10157200565885294,True,True
SPXW,873615706,SPXW  260518P06980000,20260518,6980.0,P,SMART,SPXW,-1.0,-1.0,,0.3,0.24766271831446632,-0.0023837433475670045,4.7095901298097986e-05,0.058909780321901195,-0.1026753679311554,True,True
SPXW,879992126,SPXW  260518P06985000,20260518,6985.0,P,SMART,SPXW,-1.0,-1.0,,0.3,0.24555430150025712,-0.002432085752153711,4.843010870001987e-05,0.0600394425464863,-0.1038187442182088,True,True
SPXW,873615718,SPXW  260518P06990000,20260518,6990.0,P,SMART,SPXW,-1.0,-1.0,,0.3,0.24343782724934032,-0.002482361781216602,4.982325263186901e-05,0.06121153619789155,-0.10500763450479413,True,True
SPXW,879091610,SPXW  260518P06995000,20260518,6995.0,P,SMART,SPXW,-1.0,-1.0,,0.35,0.24131265983735184,-0.0025347019427078704,5.127916209933705e-05,0.06242874500529183,-0.10624549474834089,True,True
SPXW,872181708,SPXW  260518P07000000,20260518,7000.0,P,SMART,SPXW,-1.0,-1.0,,0.35,0.23917823746136527,-0.0025892110163335713,5.28013932144477e-05,0.06369320121849853,-0.10753429427412442,True,True
SPXW,878459105,SPXW  260518P07005000,20260518,7005.0,P,SMART,SPXW,-1.0,-1.0,,0.35,0.2370340870241794,-0.002645985399726691,5.439350265935033e-05,0.06500685094297509,-0.10887539628659317,True,True
SPXW,873615724,SPXW  260518P07010000,20260518,7010.0,P,SMART,SPXW,-1.0,-1.0,,0.35,0.23487986848718098,-0.0027051307899506345,5.605933845300061e-05,0.06637182172183742,-0.11027040899792429,True,True
SPXW,878459130,SPXW  260518P07015000,20260518,7015.0,P,SMART,SPXW,-1.0,-1.0,,0.35,0.23271536008605684,-0.002766776775349096,5.780329253807818e-05,0.06779072113612017,-0.11172184624421576,True,True
SPXW,873615735,SPXW  260518P07020000,20260518,7020.0,P,SMART,SPXW,-1.0,-1.0,,0.35,0.23054048789936937,-0.002831087751323552,5.963050346617747e-05,0.06926685501669283,-0.11323357979820914,True,True
SPXW,872181720,SPXW  260518P07025000,20260518,7025.0,P,SMART,SPXW,-1.0,-1.0,,0.35,0.22835532584855625,-0.0028982723203048416,6.154704247511664e-05,0.07080441047870067,-0.11481119381426684,True,True
SPXW,873615746,SPXW  260518P07030000,20260518,7030.0,P,SMART,SPXW,-1.0,-1.0,,0.4,0.22616015483508065,-0.0029685936825491898,6.356012389433565e-05,0.07240865520044437,-0.11646236018189172,True,True
SPXW,877980522,SPXW  260518P07035000,20260518,7035.0,P,SMART,SPXW,-1.0,-1.0,,0.4,0.2239554183875687,-0.0030423469718546645,6.567776732663328e-05,0.07408545799068378,-0.11819569676056664,True,True
SPXW,874714055,SPXW  260518P07040000,20260518,7040.0,P,SMART,SPXW,-1.0,-1.0,,0.4,0.2217418113675346,-0.0031191409617762063,6.789664841793447e-05,0.07582667741738547,-0.1199886101879164,True,True
SPXW,877980532,SPXW  260518P07045000,20260518,7045.0,P,SMART,SPXW,-1.0,-1.0,,0.4,0.21952022083223058,-0.00319976467131503,7.02335884462758e-05,0.07764819767189479,-0.12187133887110768,True,True
SPXW,873297019,SPXW  260518P07050000,20260518,7050.0,P,SMART,SPXW,-1.0,-1.0,,0.4,0.21729184430894716,-0.0032849432138336923,7.27048667495156e-05,0.07956442650739248,-0.12386991871211572,True,True
SPXW,877980548,SPXW  260518P07055000,20260518,7055.0,P,SMART,SPXW,-1.0,-1.0,,0.4,0.21505807152071277,-0.003375219032129852,7.532414596308042e-05,0.08158591207649835,-0.12600116701971142,True,True
SPXW,874714067,SPXW  260518P07060000,20260518,7060.0,P,SMART,SPXW,-1.0,-1.0,,0.45,0.21282058787630662,-0.003471214640076047,7.81069614339854e-05,0.08372466283132596,-0.12828436201162186,True,True
SPXW,877980565,SPXW  260518P07065000,20260518,7065.0,P,SMART,SPXW,-1.0,-1.0,,0.45,0.2105813449016836,-0.0035736472185756147,8.107104084068715e-05,0.0859943983139928,-0.13074169766484145,True,True
SPXW,875449522,SPXW  260518P07140000,20260518,7140.0,P,SMART,SPXW,-1.0,-1.0,,0.6,0.17874740301722744,-0.006919682772529709,0.0001715643510421526,0.15422428668715327,-0.220034704284112,True,True
SPXW,877980668,SPXW  260518P07145000,20260518,7145.0,P,SMART,SPXW,-1.0,-1.0,,0.65,0.17689475437740623,-0.007378989585668733,0.00018331079403632265,0.16293332546047168,-0.23281101481325628,True,True
SPXW,873297059,SPXW  260518P07150000,20260518,7150.0,P,SMART,SPXW,-1.0,-1.0,,0.65,0.1750896963591662,-0.007888052930784182,0.0001962265891535986,0.1724518409004574,-0.24697371985180716,True,True
SPXW,877980688,SPXW  260518P07155000,20260518,7155.0,P,SMART,SPXW,-1.0,-1.0,,0.65,0.17333125319953,-0.008452101894350044,0.00021042385404489408,0.1828461102816732,-0.26265450673478696,True,True
SPXW,875449533,SPXW  260518P07160000,20260518,7160.0,P,SMART,SPXW,-1.0,-1.0,,0.7,0.17161836042979486,-0.009076374926540372,0.00022601460418649724,0.19417778937912544,-0.2799777090536786,True,True
SPXW,877980713,SPXW  260518P07165000,20260518,7165.0,P,SMART,SPXW,-1.0,-1.0,,0.7,0.16995011620842113,-0.009765540604364882,0.00024310048609908877,0.2064941264786313,-0.2990388184395947,True,True
SPXW,875449556,SPXW  260518P07170000,20260518,7170.0,P,SMART,SPXW,-1.0,-1.0,,0.75,0.16832514559666784,-0.010523325310506069,0.00026176680583991696,0.21982255057204725,-0.31989104798633505,True,True
SPXW,873297074,SPXW  260518P07175000,20260518,7175.0,P,SMART,SPXW,-1.0,-1.0,,0.75,0.1667404917370276,-0.011352491638597553,0.00028208329098147934,0.23417165507669324,-0.3425447901424974,True,True
SPXW,875449575,SPXW  260518P07180000,20260518,7180.0,P,SMART,SPXW,-1.0,-1.0,,0.75,0.16519072879597438,-0.012255135707722051,0.00030411064797380543,0.2495374076764847,-0.3669784021758389,True,True
SPXW,877980728,SPXW  260518P07185000,20260518,7185.0,P,SMART,SPXW,-1.0,-1.0,,0.8,0.16366772541536292,-0.013233164524633375,0.0003279100570787758,0.265911748131316,-0.3931550287729486,True,True
SPXW,875449593,SPXW  260518P07190000,20260518,7190.0,P,SMART,SPXW,-1.0,-1.0,,0.8,0.16216123608393015,-0.014288841436066116,0.0003535533610338447,0.2832914506722375,-0.421041282655036,True,True
SPXW,877980746,SPXW  260518P07195000,20260518,7195.0,P,SMART,SPXW,-1.0,-1.0,,0.85,0.16065974384168485,-0.01542528090813637,0.00038113179218350786,0.30168529613234796,-0.450623461558763,True,True
SPXW,872181759,SPXW  260518P07200000,20260518,7200.0,P,SMART,SPXW,-1.0,-1.0,,0.9,0.15915134733715983,-0.016646669423818438,0.0004107596041639227,0.3211163248996485,-0.481913505356836,True,True
SPXW,877980770,SPXW  260518P07205000,20260518,7205.0,P,SMART,SPXW,-1.0,-1.0,,0.9,0.1576244704732137,-0.01718024835143766,0.0004260326032480118,0.3298527989158231,-0.4926624178053914,True,True
SPXW,875918284,SPXW  260518P07210000,20260518,7210.0,P,SMART,SPXW,-1.0,-1.0,,0.95,0.1560686459742704,-0.018535783211345577,0.0004591176704427153,0.3509067288223946,-0.5263344753512342,True,True
SPXW,877980787,SPXW  260518P07215000,20260518,7215.0,P,SMART,SPXW,-1.0,-1.0,,1.0,0.15447544679643382,-0.020012180235966626,0.0004949874273364775,0.3734080949635086,-0.5625328476632205,True,True
SPXW,875918295,SPXW  260518P07220000,20260518,7220.0,P,SMART,SPXW,-1.0,-1.0,,1.0,0.15284026024199254,-0.022142881795173604,0.0005446493604097984,0.40493544044466034,-0.6159905795457306,True,True
SPXW,873297085,SPXW  260518P07225000,20260518,7225.0,P,SMART,SPXW,-1.0,-1.0,,1.05,0.15116523003263937,-0.024047692463786352,0.0005892717749114347,0.4325460489031627,-0.6623992270039167,True,True
SPXW,875918318,SPXW  260518P07230000,20260518,7230.0,P,SMART,SPXW,-1.0,-1.0,,1.1,0.14946363245858243,-0.026251935648573168,0.0006394789287670537,0.4636829687840702,-0.7164555411883669,True,True
SPXW,877980806,SPXW  260518P07235000,20260518,7235.0,P,SMART,SPXW,-1.0,-1.0,,1.15,0.1477636020190044,-0.02877886681428846,0.0006955175865038728,0.4984230421397058,-0.7785364367414047,True,True
SPXW,872612294,SPXW  260519P02800000,20260519,2800.0,P,SMART,SPXW,-1.0,-1.0,,0.0,1.0059048280412146,0.0,2.2899201019493977e-22,0.0,-0.0,True,True
SPXW,872612300,SPXW  260519P03000000,20260519,3000.0,P,SMART,SPXW,-1.0,-1.0,,0.0,0.8959838867531293,0.0,6.172267792597125e-25,0.0,-0.0,True,True
SPXW,872612311,SPXW  260519P03200000,20260519,3200.0,P,SMART,SPXW,-1.0,-1.0,,0.0,0.831939535886378,0.0,8.749677796896786e-25,0.0,-0.0,True,True
SPXW,872612317,SPXW  260519P03400000,20260519,3400.0,P,SMART,SPXW,-1.0,-1.0,,0.0,0.7986149829953038,0.0,1.1317081856273145e-22,0.0,-0.0,True,True
SPXW,872612324,SPXW  260519P03600000,20260519,3600.0,P,SMART,SPXW,-1.0,-1.0,,0.0,0.7842482628756176,0.0,8.318251914616919e-20,0.0,-0.0,True,True
SPXW,872612331,SPXW  260519P03800000,20260519,3800.0,P,SMART,SPXW,-1.0,-1.0,,0.0,0.7799850065843333,-3.552808902057649e-15,4.407604938681965e-17,-1.139546741662498e-13,-6.669347427074842e-13,True,True
SPXW,872612336,SPXW  260519P04000000,20260519,4000.0,P,SMART,SPXW,-1.0,-1.0,,0.0,0.7793616418846285,-8.280265247358109e-13,9.091902307289908e-15,6.156112629526422e-11,-7.278285267001111e-11,True,True
SPXW,872612346,SPXW  260519P04200000,20260519,4200.0,P,SMART,SPXW,-1.0,-1.0,,0.0,0.7777941525828186,-6.270652199492656e-11,6.236131048232975e-13,4.025089220184616e-09,-6.101274970552633e-09,True,True
SPXW,872612351,SPXW  260519P04400000,20260519,4400.0,P,SMART,SPXW,-1.0,-1.0,,0.0,0.7721947515211015,-1.8030107707446647e-09,1.651558494696944e-11,1.0277737595640935e-07,-1.908285647734061e-07,True,True
SPXW,872612358,SPXW  260519P04600000,20260519,4600.0,P,SMART,SPXW,-1.0,-1.0,,0.0,0.7606522442810101,-2.4799616390337793e-08,2.1305929110137827e-10,1.2779904652200354e-06,-2.7947375167128907e-06,True,True
SPXW,872612364,SPXW  260519P04800000,20260519,4800.0,P,SMART,SPXW,-1.0,-1.0,,0.0,0.7421612993100365,-1.7982500695266132e-07,1.484481714258216e-09,8.537005169458045e-06,-2.0995919587836517e-05,True,True
SPXW,872612375,SPXW  260519P05000000,20260519,5000.0,P,SMART,SPXW,-1.0,-1.0,,0.0,0.7164105595126542,-8.622039726103318e-07,6.971212234382361e-09,3.8184752210666285e-05,-0.00010203630523588808,True,True
SPXW,872612388,SPXW  260519P05400000,20260519,5400.0,P,SMART,SPXW,-1.0,-1.0,,0.0,0.6444482764755025,-8.928668607084177e-06,7.28564279074284e-08,0.00035316507668915753,-0.0010242575116514532,True,True
SPXW,872612398,SPXW  260519P05500000,20260519,5500.0,P,SMART,SPXW,-1.0,-1.0,,0.0,0.6229349500347899,-1.600351430407366e-05,1.306047581275044e-07,0.0006129896376400046,-0.001819960317671298,True,True
SPXW,872612400,SPXW  260519P05600000,20260519,5600.0,P,SMART,SPXW,-1.0,-1.0,,0.0,0.6007352778294655,-2.8354190953995813e-05,2.3154258203641322e-07,0.001050539155851099,-0.0031904004351956256,True,True
SPXW,872612410,SPXW  260519P05700000,20260519,5700.0,P,SMART,SPXW,-1.0,-1.0,,0.0,0.5787738100649351,-5.165840535250234e-05,4.202911487243131e-07,0.0018436054025751103,-0.005761109446384596,True,True
SPXW,872612418,SPXW  260519P05800000,20260519,5800.0,P,SMART,SPXW,-1.0,-1.0,,0.0,0.5583662891948309,-9.07832145768949e-05,7.382944339533981e-07,0.0031219601453388313,-0.009985941787772686,True,True
SPXW,872612424,SPXW  260519P05900000,20260519,5900.0,P,SMART,SPXW,-1.0,-1.0,,0.0,0.5411185253942583,-0.0001801527531561369,1.437652265493504e-06,0.005893003349457304,-0.019772772453680476,True,True
SPXW,872612435,SPXW  260519P06000000,20260519,6000.0,P,SMART,SPXW,-1.0,-1.0,,0.0,0.5272330634024726,-0.00032520342035036165,2.573645948829838e-06,0.010164102632581162,-0.03519765475276165,True,True
SPXW,873616190,SPXW  260519P06025000,20260519,6025.0,P,SMART,SPXW,-1.0,-1.0,,0.0,0.5236677437572292,-0.0003701657702142035,2.9302843507696424e-06,0.011451910503314622,-0.03983114140879607,True,True
SPXW,873616250,SPXW  260519P06225000,20260519,6225.0,P,SMART,SPXW,-1.0,-1.0,,0.0,0.4935734394186625,-0.0006838078039893716,5.82922839581182e-06,0.02024346681822919,-0.06626290034814852,True,True
SPXW,872612574,SPXW  260519P06700000,20260519,6700.0,P,SMART,SPXW,-1.0,-1.0,,0.15,0.33481038660937124,-0.002180932703652386,2.5993478529833563e-05,0.05976567409686595,-0.13954626074552268,True,True
SPXW,872612578,SPXW  260519P06725000,20260519,6725.0,P,SMART,SPXW,-1.0,-1.0,,0.15,0.32559377305315645,-0.0023825456756479285,2.8953854176711695e-05,0.06480630840072976,-0.14840824210497594,True,True
SPXW,872612584,SPXW  260519P06750000,20260519,6750.0,P,SMART,SPXW,-1.0,-1.0,,0.2,0.31649286133120524,-0.002615786819280133,3.241055549659182e-05,0.07057137972423888,-0.15852446312817126,True,True
SPXW,872612595,SPXW  260519P06775000,20260519,6775.0,P,SMART,SPXW,-1.0,-1.0,,0.25,0.30751028304669925,-0.0028862426879949924,3.646063568349152e-05,0.0771750674914955,-0.17006057300911426,True,True
SPXW,879091729,SPXW  260519P06780000,20260519,6780.0,P,SMART,SPXW,-1.0,-1.0,,0.25,0.3057276232240776,-0.002945345761837754,3.735164260762607e-05,0.07860735050263656,-0.17255295273717408,True,True
SPXW,876206508,SPXW  260519P06790000,20260519,6790.0,P,SMART,SPXW,-1.0,-1.0,,0.25,0.30217555030046733,-0.0030689942694124635,3.922258194953274e-05,0.08159189402801204,-0.17773351823067873,True,True
SPXW,872612601,SPXW  260519P06800000,20260519,6800.0,P,SMART,SPXW,-1.0,-1.0,,0.25,0.2986403906017993,-0.0032002795223982777,4.121927215700986e-05,0.08474373639693411,-0.18318382602968608,True,True
SPXW,876206545,SPXW  260519P06810000,20260519,6810.0,P,SMART,SPXW,-1.0,-1.0,,0.25,0.2951210500907957,-0.0033396757917950022,4.335084641937475e-05,0.08807190842320978,-0.1889139815426928,True,True
SPXW,876206573,SPXW  260519P06820000,20260519,6820.0,P,SMART,SPXW,-1.0,-1.0,,0.3,0.29161619818157825,-0.003487677574995394,4.562705432893965e-05,0.09158569242141112,-0.19493363357037288,True,True
SPXW,872612610,SPXW  260519P06825000,20260519,6825.0,P,SMART,SPXW,-1.0,-1.0,,0.3,0.28986872496329436,-0.0035650654511412434,4.682261957896087e-05,0.09341515202293849,-0.1980548741246153,True,True
SPXW,873616295,SPXW  260519P06830000,20260519,6830.0,P,SMART,SPXW,-1.0,-1.0,,0.3,0.2881242973082431,-0.003644798990176244,4.805829609010531e-05,0.09529459591009017,-0.20125182240720285,True,True
SPXW,873616296,SPXW  260519P06840000,20260519,6840.0,P,SMART,SPXW,-1.0,-1.0,,0.3,0.2846436029248609,-0.0038115728972435265,5.065565821589275e-05,0.09920832011390246,-0.20787680953704335,True,True
SPXW,872612616,SPXW  260519P06850000,20260519,6850.0,P,SMART,SPXW,-1.0,-1.0,,0.3,0.2811721635054768,-0.003988549595957208,5.3430949687297744e-05,0.10333672041874208,-0.2148158809695175,True,True
SPXW,873616310,SPXW  260519P06860000,20260519,6860.0,P,SMART,SPXW,-1.0,-1.0,,0.35,0.27770779097553533,-0.004176295056248601,5.639673864683994e-05,0.1076897583177754,-0.22207512361724824,True,True
SPXW,873616316,SPXW  260519P06870000,20260519,6870.0,P,SMART,SPXW,-1.0,-1.0,,0.35,0.2742481789861807,-0.004375388301232436,5.956638629748168e-05,0.11227743729632068,-0.2296591544298483,True,True
SPXW,872612627,SPXW  260519P06875000,20260519,6875.0,P,SMART,SPXW,-1.0,-1.0,,0.35,0.27251939310734347,-0.004479374129257673,6.123205830823929e-05,0.11466238789690664,-0.23357393625434675,True,True
SPXW,873616331,SPXW  260519P06880000,20260519,6880.0,P,SMART,SPXW,-1.0,-1.0,,0.35,0.27079081420853174,-0.004586418423024587,6.295408358300469e-05,0.1171097340269256,-0.23757083509229915,True,True
SPXW,873616336,SPXW  260519P06890000,20260519,6890.0,P,SMART,SPXW,-1.0,-1.0,,0.35,0.26733306503940674,-0.004809981656035806,6.657489594954381e-05,0.12219653460819302,-0.24581099909567783,True,True
SPXW,872612630,SPXW  260519P06900000,20260519,6900.0,P,SMART,SPXW,-1.0,-1.0,,0.4,0.26387212246417385,-0.005046680669038912,7.044484007350275e-05,0.12754762194029468,-0.25437831521407794,True,True
SPXW,873616346,SPXW  260519P06910000,20260519,6910.0,P,SMART,SPXW,-1.0,-1.0,,0.4,0.2604051478996259,-0.005297129976614337,7.45810359106767e-05,0.13317279435057827,-0.26326949667013544,True,True
SPXW,873616358,SPXW  260519P06920000,20260519,6920.0,P,SMART,SPXW,-1.0,-1.0,,0.4,0.2569292436254056,-0.005561973219999932,7.900199900543207e-05,0.13908222931651437,-0.27248014397659226,True,True
SPXW,872612636,SPXW  260519P06925000,20260519,6925.0,P,SMART,SPXW,-1.0,-1.0,,0.4,0.25518706318205997,-0.005700010060190282,8.132555646982283e-05,0.1421470018762605,-0.27720400579152127,True,True
SPXW,873616364,SPXW  260519P06930000,20260519,6930.0,P,SMART,SPXW,-1.0,-1.0,,0.4,0.253441571058306,-0.005841919224818667,8.372815333263318e-05,0.1452872225439208,-0.28200653589393987,True,True
SPXW,873616375,SPXW  260519P06940000,20260519,6940.0,P,SMART,SPXW,-1.0,-1.0,,0.45,0.24993940988942026,-0.006137802284461815,8.878263316520667e-05,0.1518013931404809,-0.2918485573783034,True,True
SPXW,872612645,SPXW  260519P06950000,20260519,6950.0,P,SMART,SPXW,-1.0,-1.0,,0.45,0.24642021722129204,-0.006450667608445968,9.4192397515814e-05,0.15864234534340935,-0.302013672765284,True,True
SPXW,873616384,SPXW  260519P06960000,20260519,6960.0,P,SMART,SPXW,-1.0,-1.0,,0.45,0.2428818936850911,-0.0067818752700269215,9.998960012745424e-05,0.16583362026793225,-0.31252144001674864,True,True
SPXW,882460030,SPXW  260519P06965000,20260519,6965.0,P,SMART,SPXW,-1.0,-1.0,,0.5,0.24110502930318392,-0.006954895628537239,0.00010304532732620542,0.16957009410216983,-0.31791430235281126,True,True
SPXW,873616394,SPXW  260519P06970000,20260519,6970.0,P,SMART,SPXW,-1.0,-1.0,,0.5,0.2393228277934759,-0.007133209406027648,0.00010621308426313696,0.17340664535582562,-0.323407758581137,True,True
SPXW,872612655,SPXW  260519P06975000,20260519,6975.0,P,SMART,SPXW,-1.0,-1.0,,0.5,0.2375351708816668,-0.007317121929495501,0.0001094990087622604,0.1773486975665648,-0.329009355520018,True,True
SPXW,873616404,SPXW  260519P06980000,20260519,6980.0,P,SMART,SPXW,-1.0,-1.0,,0.5,0.23574199943060645,-0.007506976221438363,0.00011290983020916336,0.1814023404297913,-0.3347279648152366,True,True
SPXW,880356620,SPXW  260519P06985000,20260519,6985.0,P,SMART,SPXW,-1.0,-1.0,,0.5,0.2339432986560073,-0.007703154859413288,0.00011645290561286488,0.18557434990439248,-0.34057379128891085,True,True
SPXW,872612681,SPXW  260519P07075000,20260519,7075.0,P,SMART,SPXW,-1.0,-1.0,,0.75,0.2009430243277669,-0.013094301539314807,0.00021668116547705129,0.2941100470032154,-0.4892575107239168,True,True
SPXW,873616452,SPXW  260519P07125000,20260519,7125.0,P,SMART,SPXW,-1.0,-1.0,,0.95,0.18339071898822218,-0.01978695255601396,0.0003367837580001125,0.4154509375694033,-0.6679343411495466,True,True
SPXW,872958638,SPXW  260520P02800000,20260520,2800.0,P,SMART,SPXW,-1.0,-1.0,,0.0,0.9825360735146239,0.0,7.282545924803436e-20,0.0,-0.0,True,True
SPXW,872958650,SPXW  260520P03000000,20260520,3000.0,P,SMART,SPXW,-1.0,-1.0,,0.0,0.8441923394368912,0.0,2.0371289836057373e-22,0.0,-0.0,True,True
SPXW,872958669,SPXW  260520P03200000,20260520,3200.0,P,SMART,SPXW,-1.0,-1.0,,0.0,0.7854731115294729,0.0,2.8243052805965107e-22,0.0,-0.0,True,True
SPXW,872958885,SPXW  260520P05400000,20260520,5400.0,P,SMART,SPXW,-1.0,-1.0,,0.0,0.6866266660752117,-5.657043029291923e-05,3.764026484347742e-07,0.002221938838014914,-0.007227570619574714,True,True
SPXW,872958900,SPXW  260520P05500000,20260520,5500.0,P,SMART,SPXW,-1.0,-1.0,,0.0,0.6700362116985287,-9.241431810192823e-05,6.146780334016205e-07,0.0035149462205353865,-0.011590475344947546,True,True
SPXW,872958924,SPXW  260520P05600000,20260520,5600.0,P,SMART,SPXW,-1.0,-1.0,,0.0,0.6529587037532308,-0.00014162633810636195,9.482463605915288e-07,0.005234732896705951,-0.017320039355305933,True,True
SPXW,872958965,SPXW  260520P05800000,20260520,5800.0,P,SMART,SPXW,-1.0,-1.0,,0.0,0.612955733358848,-0.000382365156081801,2.5375734187063857e-06,0.013111593599911764,-0.04477239770737629,True,True
SPXW,872958995,SPXW  260520P05900000,20260520,5900.0,P,SMART,SPXW,-1.0,-1.0,,0.0,0.5873055267167164,-0.0005452003741396119,3.6783258573657222e-06,0.018189706361698477,-0.06138609277782092,True,True
SPXW,872959008,SPXW  260520P06000000,20260520,6000.0,P,SMART,SPXW,-1.0,-1.0,,0.0,0.5590952137075491,-0.0007044341907922264,4.922505680771397e-06,0.023063059474105252,-0.07520384453665874,True,True
SPXW,874715301,SPXW  260520P06050000,20260520,6050.0,P,SMART,SPXW,-1.0,-1.0,,0.0,0.5437423816091532,-0.0007876428611205407,5.6224596928043525e-06,0.02558466808965587,-0.08162721943760243,True,True
SPXW,874715313,SPXW  260520P06075000,20260520,6075.0,P,SMART,SPXW,-1.0,-1.0,,0.0,0.5358381101204369,-0.0008323158027562324,6.007836715448249e-06,0.02693040042974637,-0.08494078406755246,True,True
SPXW,872959035,SPXW  260520P06100000,20260520,6100.0,P,SMART,SPXW,-1.0,-1.0,,0.0,0.5278008391810388,-0.000879005253572814,6.41817824876647e-06,0.02833151851696769,-0.08830274278384453,True,True
SPXW,874715331,SPXW  260520P06125000,20260520,6125.0,P,SMART,SPXW,-1.0,-1.0,,0.0,0.5196446434326941,-0.000927252266375908,6.851967371316427e-06,0.0297746343928873,-0.0916508576049595,True,True
SPXW,874715340,SPXW  260520P06150000,20260520,6150.0,P,SMART,SPXW,-1.0,-1.0,,0.0,0.5113833018313871,-0.0009767935002714123,7.308877464136984e-06,0.03125224115489722,-0.09494697888317603,True,True
SPXW,874715361,SPXW  260520P06175000,20260520,6175.0,P,SMART,SPXW,-1.0,-1.0,,0.0,0.5030295880015497,-0.0010275893967825712,7.790006943268146e-06,0.03276336727426088,-0.0981783735748234,True,True
SPXW,872959049,SPXW  260520P06200000,20260520,6200.0,P,SMART,SPXW,-1.0,-1.0,,0.0,0.49458586742918786,-0.0010797946844616042,8.297775718084568e-06,0.03431258941979287,-0.10135269944506264,True,True
SPXW,874715376,SPXW  260520P06225000,20260520,6225.0,P,SMART,SPXW,-1.0,-1.0,,0.0,0.4860717440795754,-0.0011337043338680943,8.835667080868432e-06,0.03590838997034318,-0.10449072752216047,True,True
SPXW,874715393,SPXW  260520P06250000,20260520,6250.0,P,SMART,SPXW,-1.0,-1.0,,0.0,0.4775000211457192,-0.001189700524018747,9.407963544561758e-06,0.03756159163086181,-0.10761971332458886,True,True
SPXW,872959069,SPXW  260520P06275000,20260520,6275.0,P,SMART,SPXW,-1.0,-1.0,,0.0,0.46888119547177054,-0.0012482139953736509,1.0019560011829906e-05,0.0392842353059315,-0.11076874800850424,True,True
SPXW,872959098,SPXW  260520P06300000,20260520,6300.0,P,SMART,SPXW,-1.0,-1.0,,0.0,0.4602233392787245,-0.0013097060836430782,1.067590086616952e-05,0.04108905999540724,-0.11396652745980208,True,True
SPXW,872959114,SPXW  260520P06325000,20260520,6325.0,P,SMART,SPXW,-1.0,-1.0,,0.0,0.45151962222573905,-0.001374671645256152,1.1383053419899142e-05,0.04298957149197946,-0.11724129596310195,True,True
SPXW,872959131,SPXW  260520P06350000,20260520,6350.0,P,SMART,SPXW,-1.0,-1.0,,0.0,0.44276649608380536,-0.001443658348847358,1.2147900480411986e-05,0.04500055697378258,-0.120622271686587,True,True
SPXW,872959155,SPXW  260520P06375000,20260520,6375.0,P,SMART,SPXW,-1.0,-1.0,,0.0,0.43397830161183426,-0.001517295366504259,1.2978416564416005e-05,0.0471388398228374,-0.12414170493029042,True,True
SPXW,872959179,SPXW  260520P06400000,20260520,6400.0,P,SMART,SPXW,-1.0,-1.0,,0.0,0.42516009503616325,-0.00159632453419785,1.3883988527473109e-05,0.04942407588593411,-0.127836828194694,True,True
SPXW,872959189,SPXW  260520P06425000,20260520,6425.0,P,SMART,SPXW,-1.0,-1.0,,0.05,0.41631678474025463,-0.001681629566674891,1.4875754454840775e-05,0.05187946653476949,-0.13175128123709845,True,True
SPXW,872959199,SPXW  260520P06450000,20260520,6450.0,P,SMART,SPXW,-1.0,-1.0,,0.05,0.4074532791075706,-0.0017742616166934065,1.5966950801241893e-05,0.05453234045788058,-0.1359358917259037,True,True
SPXW,872959224,SPXW  260520P06475000,20260520,6475.0,P,SMART,SPXW,-1.0,-1.0,,0.05,0.39857451609014855,-0.001875461578644087,1.717327187564752e-05,0.05741461399957437,-0.14044889346777367,True,True
SPXW,872959235,SPXW  260520P06500000,20260520,6500.0,P,SMART,SPXW,-1.0,-1.0,,0.1,0.3896850196799747,-0.0019866806864374973,1.851325491201332e-05,0.06056316973002751,-0.1453557505789833,True,True
SPXW,872959256,SPXW  260520P06525000,20260520,6525.0,P,SMART,SPXW,-1.0,-1.0,,0.1,0.38078978696623655,-0.0021096009205475996,2.000870572173528e-05,0.06402019019442484,-0.15072872788942782,True,True
SPXW,872959290,SPXW  260520P06550000,20260520,6550.0,P,SMART,SPXW,-1.0,-1.0,,0.15,0.3718954708783257,-0.00224615632457691,2.16851793159423e-05,0.067833471221185,-0.1566462900400465,True,True
SPXW,872959303,SPXW  260520P06575000,20260520,6575.0,P,SMART,SPXW,-1.0,-1.0,,0.15,0.36301073500873876,-0.0023985577723713864,2.357254392717724e-05,0.07205677566565427,-0.16319250019860654,True,True
SPXW,872959321,SPXW  260520P06600000,20260520,6600.0,P,SMART,SPXW,-1.0,-1.0,,0.2,0.3541460466330518,-0.002569326027551707,2.570567989831928e-05,0.07675034458715402,-0.17045671675203522,True,True
SPXW,872959338,SPXW  260520P06625000,20260520,6625.0,P,SMART,SPXW,-1.0,-1.0,,0.2,0.3453124052611923,-0.002761340199071405,2.8125390851337548e-05,0.08198173254721652,-0.17853397321504882,True,True
SPXW,872959355,SPXW  260520P06650000,20260520,6650.0,P,SMART,SPXW,-1.0,-1.0,,0.25,0.3365199824829856,-0.0029779095390556408,3.087962227647459e-05,0.08782714010984094,-0.18752637791770965,True,True
SPXW,872959374,SPXW  260520P06675000,20260520,6675.0,P,SMART,SPXW,-1.0,-1.0,,0.25,0.327776909656577,-0.0032228749078888155,3.402508218126672e-05,0.09437335534038738,-0.19754564000000485,True,True
SPXW,872959401,SPXW  260520P06700000,20260520,6700.0,P,SMART,SPXW,-1.0,-1.0,,0.3,0.31908830214545425,-0.00350074315999835,3.762934577344656e-05,0.10172031756100353,-0.2087165275955538,True,True
SPXW,872959424,SPXW  260520P06725000,20260520,6725.0,P,SMART,SPXW,-1.0,-1.0,,0.3,0.3104561706127224,-0.003816854758205181,4.177351375535514e-05,0.10998422508279047,-0.2211808176569825,True,True
SPXW,872959441,SPXW  260520P06750000,20260520,6750.0,P,SMART,SPXW,-1.0,-1.0,,0.35,0.30187921404107815,-0.004177583592265352,4.65554957155744e-05,0.11930106164279763,-0.2351011936270968,True,True
SPXW,872959458,SPXW  260520P06775000,20260520,6775.0,P,SMART,SPXW,-1.0,-1.0,,0.35,0.2933533223985863,-0.004590570763205142,5.209403139181487e-05,0.12983047156287597,-0.2506647083502678,True,True
SPXW,879092168,SPXW  260520P06780000,20260520,6780.0,P,SMART,SPXW,-1.0,-1.0,,0.35,0.2916537502719219,-0.00468021679487981,5.3304725108625063e-05,0.13209782758187316,-0.25399294654215154,True,True
SPXW,879092182,SPXW  260520P06790000,20260520,6790.0,P,SMART,SPXW,-1.0,-1.0,,0.4,0.2882596326763557,-0.0048671945041181205,5.583917739973198e-05,0.13680689873752527,-0.2608795206511143,True,True
SPXW,872959478,SPXW  260520P06800000,20260520,6800.0,P,SMART,SPXW,-1.0,-1.0,,0.4,0.2848718723244303,-0.00506500222632917,5.853366058435061e-05,0.141760087508068,-0.2680858522280811,True,True
SPXW,879092202,SPXW  260520P06810000,20260520,6810.0,P,SMART,SPXW,-1.0,-1.0,,0.4,0.2814898187074942,-0.005274386674387865,6.140012829408009e-05,0.14697218009369095,-0.2756282205051477,True,True
SPXW,877195785,SPXW  260520P06820000,20260520,6820.0,P,SMART,SPXW,-1.0,-1.0,,0.4,0.2781128508854707,-0.005496153196634096,6.445154955000917e-05,0.1524589559860701,-0.2835237599907714,True,True
SPXW,872959488,SPXW  260520P06825000,20260520,6825.0,P,SMART,SPXW,-1.0,-1.0,,0.45,0.27642608195181323,-0.005611948614364323,6.605097107253467e-05,0.15531056857987124,-0.2876095624329942,True,True
SPXW,877195800,SPXW  260520P06830000,20260520,6830.0,P,SMART,SPXW,-1.0,-1.0,,0.45,0.2747403183497083,-0.005731170558443689,6.770200216838264e-05,0.15823725158570312,-0.2917904795972035,True,True
SPXW,877195822,SPXW  260520P06840000,20260520,6840.0,P,SMART,SPXW,-1.0,-1.0,,0.45,0.2713714818858301,-0.005980375847552668,7.116677300531224e-05,0.1643250210312388,-0.30044726281145273,True,True
SPXW,872959518,SPXW  260520P06850000,20260520,6850.0,P,SMART,SPXW,-1.0,-1.0,,0.45,0.26800569098518456,-0.006244779307361996,7.486246395243358e-05,0.17074138937962147,-0.30951383679719413,True,True
SPXW,876651582,SPXW  260520P06860000,20260520,6860.0,P,SMART,SPXW,-1.0,-1.0,,0.5,0.2646422655705449,-0.006525468879901868,7.880710244344036e-05,0.17750669305914357,-0.3190106980440923,True,True
SPXW,876651627,SPXW  260520P06870000,20260520,6870.0,P,SMART,SPXW,-1.0,-1.0,,0.5,0.2612806142704096,-0.0068236143122250795,8.302025594691355e-05,0.18464250444888108,-0.3289589873417782,True,True
SPXW,872959539,SPXW  260520P06875000,20260520,6875.0,P,SMART,SPXW,-1.0,-1.0,,0.5,0.2596002912861182,-0.0069796218934646565,8.523409184618793e-05,0.18835643444383263,-0.3341091631374944,True,True
SPXW,876651653,SPXW  260520P06880000,20260520,6880.0,P,SMART,SPXW,-1.0,-1.0,,0.5,0.25792020485042744,-0.007140471307945051,8.752315568551542e-05,0.19217165171676953,-0.33938034103167425,True,True
SPXW,874715413,SPXW  260520P06890000,20260520,6890.0,P,SMART,SPXW,-1.0,-1.0,,0.55,0.25456065291912244,-0.00747738725067051,9.233884455243738e-05,0.2001182677401161,-0.35029679756791055,True,True
SPXW,872959553,SPXW  260520P06900000,20260520,6900.0,P,SMART,SPXW,-1.0,-1.0,,0.55,0.251201721927894,-0.007835812366551892,9.749238593168236e-05,0.208507951387233,-0.3617309505713173,True,True
SPXW,874715430,SPXW  260520P06910000,20260520,6910.0,P,SMART,SPXW,-1.0,-1.0,,0.55,0.24784341187674205,-0.008217323627270614,0.00010301120233571916,0.21736819388882367,-0.37370669201589735,True,True
SPXW,872959590,SPXW  260520P06950000,20260520,6950.0,P,SMART,SPXW,-1.0,-1.0,,0.65,0.23442263482652795,-0.01001401606923362,0.00012941343732972787,0.25820445134652914,-0.4276992827541335,True,True
SPXW,874715583,SPXW  260520P07020000,20260520,7020.0,P,SMART,SPXW,-1.0,-1.0,,0.85,0.21122484580101372,-0.014847430329720517,0.000201612583041852,0.36176959620686944,-0.5617109170783365,True,True
SPXW,872959648,SPXW  260520P07025000,20260520,7025.0,P,SMART,SPXW,-1.0,-1.0,,0.85,0.20960574455141257,-0.01532952201058934,0.00020875558832935575,0.37165578897435125,-0.5746643728743521,True,True
SPXW,874715592,SPXW  260520P07030000,20260520,7030.0,P,SMART,SPXW,-1.0,-1.0,,0.9,0.2079952625414454,-0.015837202272995857,0.00021625736798847772,0.3819892178129862,-0.5882485114366602,True,True
SPXW,879092256,SPXW  260520P07035000,20260520,7035.0,P,SMART,SPXW,-1.0,-1.0,,0.9,0.2063942720440769,-0.016372105906945416,0.0002241387624117083,0.39279335233899815,-0.6024980578381331,True,True
SPXW,874715606,SPXW  260520P07040000,20260520,7040.0,P,SMART,SPXW,-1.0,-1.0,,0.95,0.20480366011655932,-0.01693593930280748,0.000232421454592316,0.40409208046003187,-0.6174479533459589,True,True
SPXW,879092261,SPXW  260520P07045000,20260520,7045.0,P,SMART,SPXW,-1.0,-1.0,,0.95,0.20322440252187002,-0.01753049433355443,0.0002411280890800567,0.4159098972120887,-0.6331337685234502,True,True
SPXW,872959686,SPXW  260520P07050000,20260520,7050.0,P,SMART,SPXW,-1.0,-1.0,,1.0,0.2016574750229865,-0.01815766666644768,0.0002502824278444857,0.428272162674574,-0.6495922640086889,True,True
SPXW,879092286,SPXW  260520P07055000,20260520,7055.0,P,SMART,SPXW,-1.0,-1.0,,1.0,0.20010391252003631,-0.01881947849648344,0.0002599095410359188,0.441205423277637,-0.6668620877466509,True,True
SPXW,874715626,SPXW  260520P07060000,20260520,7060.0,P,SMART,SPXW,-1.0,-1.0,,1.0,0.19856479426600968,-0.01951810558717019,0.0002700360291270358,0.45473778845951074,-0.6849845933867016,True,True
SPXW,879092300,SPXW  260520P07065000,20260520,7065.0,P,SMART,SPXW,-1.0,-1.0,,1.05,0.19704122908247182,-0.020255907557784072,0.00028069026391053475,0.4688993370381809,-0.7040047275026353,True,True
SPXW,874715643,SPXW  260520P07070000,20260520,7070.0,P,SMART,SPXW,-1.0,-1.0,,1.05,0.1955343553595631,-0.021035458714987906,0.00029190262101666233,0.483722499068449,-0.723971871772207,True,True
SPXW,872959703,SPXW  260520P07075000,20260520,7075.0,P,SMART,SPXW,-1.0,-1.0,,1.1,0.19404535584028645,-0.021859573159356983,0.0003037056456864513,0.4992422983688414,-0.7449403948882889,True,True
SPXW,874715661,SPXW  260520P07080000,20260520,7080.0,P,SMART,SPXW,-1.0,-1.0,,1.1,0.1925753984833573,-0.02273131434895267,0.0003161340649854816,0.5154962866250798,-0.766969549050188,True,True
SPXW,879092311,SPXW  260520P07085000,20260520,7085.0,P,SMART,SPXW,-1.0,-1.0,,1.15,0.19112572516892876,-0.023653977285638273,0.00032922454746855533,0.5325239789333409,-0.7901222954295974,True,True
SPXW,874715673,SPXW  260520P07090000,20260520,7090.0,P,SMART,SPXW,-1.0,-1.0,,1.15,0.18969751864000375,-0.024631035649602517,0.00034301515555736474,0.5503656913971042,-0.8144628324128291,True,True
SPXW,879092334,SPXW  260520P07095000,20260520,7095.0,P,SMART,SPXW,-1.0,-1.0,,1.2,0.1882920059924479,-0.025666058832770757,0.0003575445524395012,0.56906091249067,-0.8400530948206892,True,True
SPXW,872959723,SPXW  260520P07100000,20260520,7100.0,P,SMART,SPXW,-1.0,-1.0,,1.25,0.1869103995378391,-0.026762623207523664,0.0003728511922747516,0.5886466656226048,-0.8669491998860082,True,True
SPXW,879092351,SPXW  260520P07105000,20260520,7105.0,P,SMART,SPXW,-1.0,-1.0,,1.25,0.1855538228820303,-0.027924258819320043,0.00038897285297042255,0.6091565694977135,-0.895199371738201,True,True
SPXW,875450327,SPXW  260520P07110000,20260520,7110.0,P,SMART,SPXW,-1.0,-1.0,,1.3,0.18422342919944928,-0.029154473800506935,0.000405946851965983,0.6306212575503594,-0.9248448070047744,True,True
SPXW,873298502,SPXW  260521P02800000,20260521,2800.0,P,SMART,SPXW,-1.0,-1.0,,0.0,0.931436194306511,-1.110252782495676e-16,9.364055338204202e-19,-9.157099534818177e-14,-0.0,True,True
SPXW,873298519,SPXW  260521P03000000,20260521,3000.0,P,SMART,SPXW,-1.0,-1.0,,0.0,0.8751809157599887,-3.5528089039861635e-15,3.1707128345156757e-17,4.24700057824173e-13,-0.0,True,True
SPXW,873298542,SPXW  260521P03200000,20260521,3200.0,P,SMART,SPXW,-1.0,-1.0,,0.0,0.8557947526100821,-3.560580673463633e-13,2.9573398418190333e-15,3.2255043480051284e-11,-4.1229982408314625e-11,True,True
SPXW,873298560,SPXW  260521P03400000,20260521,3400.0,P,SMART,SPXW,-1.0,-1.0,,0.0,0.8550935634207831,-2.8752771434681768e-11,2.153811261467198e-13,2.260844343023448e-09,-3.6872935064285932e-09,True,True
SPXW,873298587,SPXW  260521P03600000,20260521,3600.0,P,SMART,SPXW,-1.0,-1.0,,0.0,0.8613240170117242,-1.142861128354538e-09,7.725542068403963e-12,7.920505175486966e-08,-1.6122210755163296e-07,True,True
SPXW,873298600,SPXW  260521P03800000,20260521,3800.0,P,SMART,SPXW,-1.0,-1.0,,0.0,0.8670752822750202,-2.1456158467091784e-08,1.32406987519029e-10,1.330495217083638e-06,-3.2637890463040766e-06,True,True
SPXW,873298625,SPXW  260521P04000000,20260521,4000.0,P,SMART,SPXW,-1.0,-1.0,,0.0,0.8678888911867496,-2.075293654146844e-07,1.1890355287923275e-09,1.1707366983172271e-05,-3.323404935390397e-05,True,True
SPXW,873298645,SPXW  260521P04200000,20260521,4200.0,P,SMART,SPXW,-1.0,-1.0,,0.0,0.861319877411214,-1.225460395744812e-06,6.640880047055233e-09,6.371911894182368e-05,-0.0002017024409820288,True,True
SPXW,873298665,SPXW  260521P04400000,20260521,4400.0,P,SMART,SPXW,-1.0,-1.0,,0.0,0.8463137664241329,-4.891882846119764e-06,2.554737915008399e-08,0.00023740153375856332,-0.0008096751220730836,True,True
SPXW,873298680,SPXW  260521P04600000,20260521,4600.0,P,SMART,SPXW,-1.0,-1.0,,0.0,0.8228600318127802,-1.3350898610500158e-05,6.91041085591102e-08,0.0006144864232893732,-0.002163674678633272,True,True
SPXW,873298700,SPXW  260521P04800000,20260521,4800.0,P,SMART,SPXW,-1.0,-1.0,,0.0,0.7919126740833355,-3.586027812692651e-05,1.8298468875921387e-07,0.0015589800398529974,-0.005683159453937457,True,True
SPXW,873298721,SPXW  260521P05000000,20260521,5000.0,P,SMART,SPXW,-1.0,-1.0,,0.0,0.7553611843201621,-7.522591680293821e-05,3.881267497525449e-07,0.003126832862058282,-0.011399550964104,True,True
SPXW,873298734,SPXW  260521P05200000,20260521,5200.0,P,SMART,SPXW,-1.0,-1.0,,0.0,0.7161940584059642,-0.00014298890267456924,7.544469336399506e-07,0.005705332409099428,-0.020470690415186843,True,True
SPXW,873298751,SPXW  260521P05400000,20260521,5400.0,P,SMART,SPXW,-1.0,-1.0,,0.0,0.6809828530137338,-0.0002598966164292923,1.412087201979269e-06,0.00995911773118352,-0.03480909264075005,True,True
SPXW,873298765,SPXW  260521P05600000,20260521,5600.0,P,SMART,SPXW,-1.0,-1.0,,0.0,0.6353393812382814,-0.00048732647372217466,2.720026831813758e-06,0.017819601133724383,-0.060736042955984,True,True
SPXW,873298777,SPXW  260521P05700000,20260521,5700.0,P,SMART,SPXW,-1.0,-1.0,,0.0,0.6083854369839979,-0.0006070067391306673,3.4914277692726603e-06,0.021849491624844397,-0.07211712192955333,True,True
SPXW,873298799,SPXW  260521P05800000,20260521,5800.0,P,SMART,SPXW,-1.0,-1.0,,0.0,0.5801597483157921,-0.0007755262847974057,4.586241638203735e-06,0.027397240860836725,-0.08776011322583166,True,True
SPXW,873298814,SPXW  260521P05900000,20260521,5900.0,P,SMART,SPXW,-1.0,-1.0,,0.0,0.5509606030190082,-0.00098773314721846,6.021532513787444e-06,0.034235328192817605,-0.10606497341202914,True,True
SPXW,873298827,SPXW  260521P06000000,20260521,6000.0,P,SMART,SPXW,-1.0,-1.0,,0.0,0.5205377918113719,-0.0012400586416177202,7.834153380608897e-06,0.04220891880926736,-0.1256911906087006,True,True
SPXW,875073670,SPXW  260521P06075000,20260521,6075.0,P,SMART,SPXW,-1.0,-1.0,,0.0,0.4979615342339081,-0.001450234547816864,9.455746405973858e-06,0.048756441088047,-0.14015963746257665,True,True
SPXW,873298847,SPXW  260521P06100000,20260521,6100.0,P,SMART,SPXW,-1.0,-1.0,,0.0,0.49038553306566063,-0.0015242888132005047,1.0053285918977822e-05,0.05104695573675322,-0.14487186965035193,True,True
SPXW,877196094,SPXW  260521P06820000,20260521,6820.0,P,SMART,SPXW,-1.0,-1.0,,0.65,0.27328306069577335,-0.009294292147292197,9.47290013789811e-05,0.26141827750579694,-0.44446850245874,True,True
SPXW,873299285,SPXW  260521P06825000,20260521,6825.0,P,SMART,SPXW,-1.0,-1.0,,0.7,0.2719017351426278,-0.009490621564914654,9.701393806495175e-05,0.26621013562366613,-0.4508203159177171,True,True
SPXW,877196114,SPXW  260521P06830000,20260521,6830.0,P,SMART,SPXW,-1.0,-1.0,,0.7,0.2705216810382104,-0.009692785274932364,9.937027948949212e-05,0.2711257221312451,-0.45732060430516697,True,True
SPXW,877196120,SPXW  260521P06840000,20260521,6840.0,P,SMART,SPXW,-1.0,-1.0,,0.7,0.26776512105838446,-0.010115485999703988,0.00010430796571236944,0.28134387862105825,-0.4707841684505567,True,True
SPXW,873299305,SPXW  260521P06850000,20260521,6850.0,P,SMART,SPXW,-1.0,-1.0,,0.75,0.26501293722766944,-0.010564292702389472,0.00010956525773213042,0.2921071959921875,-0.484898971129887,True,True
SPXW,877196142,SPXW  260521P06860000,20260521,6860.0,P,SMART,SPXW,-1.0,-1.0,,0.75,0.2622647747231645,-0.01104139645721522,0.00011516828962795838,0.3034554264175995,-0.4997136258668533,True,True
SPXW,877196160,SPXW  260521P06870000,20260521,6870.0,P,SMART,SPXW,-1.0,-1.0,,0.8,0.25952027872196864,-0.011549337843990032,0.00012114661835879812,0.3154345936611236,-0.5152873300902812,True,True
SPXW,873299320,SPXW  260521P06875000,20260521,6875.0,P,SMART,SPXW,-1.0,-1.0,,0.8,0.2581493613072491,-0.01181577460862144,0.00012428680038917197,0.321677061760937,-0.5233805193453236,True,True
SPXW,877196175,SPXW  260521P06880000,20260521,6880.0,P,SMART,SPXW,-1.0,-1.0,,0.85,0.25677933094978167,-0.012091056548048314,0.00012753365844275704,0.3280977186885252,-0.5316910169986215,True,True
SPXW,877196194,SPXW  260521P06890000,20260521,6890.0,P,SMART,SPXW,-1.0,-1.0,,0.85,0.2540419314066035,-0.012669927770964024,0.00013436701805784597,0.341505174423844,-0.5490076574950891,True,True
SPXW,873299341,SPXW  260521P06900000,20260521,6900.0,P,SMART,SPXW,-1.0,-1.0,,0.9,0.25130831664103487,-0.01328978211869971,0.00014168870920654495,0.3557246094522668,-0.5673316156201409,True,True
SPXW,875073717,SPXW  260521P06910000,20260521,6910.0,P,SMART,SPXW,-1.0,-1.0,,0.95,0.24857890061312662,-0.013954910025125578,0.00014954523748263084,0.37083048250551087,-0.5867671849129508,True,True
SPXW,875073727,SPXW  260521P06920000,20260521,6920.0,P,SMART,SPXW,-1.0,-1.0,,0.95,0.24585433383153052,-0.01467005712239254,0.00015798761733046705,0.3869033648087594,-0.6074266745110322,True,True
SPXW,873299356,SPXW  260521P06925000,20260521,6925.0,P,SMART,SPXW,-1.0,-1.0,,1.0,0.24449413502527514,-0.015047994455213183,0.0001624456801776354,0.3953291116830826,-0.618252218987692,True,True
SPXW,875073730,SPXW  260521P06930000,20260521,6930.0,P,SMART,SPXW,-1.0,-1.0,,1.0,0.2431354590006361,-0.0154404216903254,0.00016707139411107892,0.4040292587896914,-0.6294285932511059,True,True
SPXW,875073735,SPXW  260521P06940000,20260521,6940.0,P,SMART,SPXW,-1.0,-1.0,,1.05,0.2404232518834208,-0.01627166781071056,0.0001768567721668723,0.4222992155335561,-0.6528965310124448,True,True
SPXW,873299380,SPXW  260521P06950000,20260521,6950.0,P,SMART,SPXW,-1.0,-1.0,,1.1,0.23771874738001222,-0.017169967078541397,0.00018740894001798285,0.4418094915944266,-0.6779592285952134,True,True
SPXW,875073741,SPXW  260521P06960000,20260521,6960.0,P,SMART,SPXW,-1.0,-1.0,,1.15,0.23502309866483825,-0.0181420780912662,0.00019879865261379057,0.4626623835058581,-0.7047521008023097,True,True
SPXW,875073747,SPXW  260521P06970000,20260521,6970.0,P,SMART,SPXW,-1.0,-1.0,,1.2,0.23233747369661426,-0.01919546656153252,0.00021110307765683284,0.48496772513283304,-0.7334201558193882,True,True
SPXW,873299410,SPXW  260521P06975000,20260521,6975.0,P,SMART,SPXW,-1.0,-1.0,,1.2,0.23099881559730012,-0.01975520412543661,0.00021762443333156313,0.49670193224281434,-0.7485062733956198,True,True
SPXW,875073756,SPXW  260521P06980000,20260521,6980.0,P,SMART,SPXW,-1.0,-1.0,,1.25,0.229663158708356,-0.020338461715889936,0.00022440685385354025,0.5088448757508672,-0.7641219372389259,True,True
SPXW,875073760,SPXW  260521P06990000,20260521,6990.0,P,SMART,SPXW,-1.0,-1.0,,1.3,0.22700157299166696,-0.021580438798749314,0.0002388032605436746,0.5344249120558402,-0.7970338969965525,True,True
SPXW,873299425,SPXW  260521P07000000,20260521,7000.0,P,SMART,SPXW,-1.0,-1.0,,1.35,0.22435434281817626,-0.022932013751669904,0.0002543953670510882,0.5618526787135636,-0.8323545097271676,True,True
SPXW,875073770,SPXW  260521P07010000,20260521,7010.0,P,SMART,SPXW,-1.0,-1.0,,1.4,0.22172340492955117,-0.02440523570953515,0.00027129702542413154,0.5912883693022195,-0.8703074966547746,True,True
SPXW,875073775,SPXW  260521P07020000,20260521,7020.0,P,SMART,SPXW,-1.0,-1.0,,1.5,0.2191110213217849,-0.026013765392741035,0.00028963358820146174,0.6229083856896125,-0.9111437004425796,True,True
SPXW,873299455,SPXW  260521P07025000,20260521,7025.0,P,SMART,SPXW,-1.0,-1.0,,1.5,0.21781260605314615,-0.026873519277831347,0.0002993823718243421,0.6395970898200289,-0.9327289170858252,True,True
SPXW,875073780,SPXW  260521P07030000,20260521,7030.0,P,SMART,SPXW,-1.0,-1.0,,1.55,0.21651986795092154,-0.027773031465637532,0.0003095422632048186,0.6569053270884524,-0.9551413709634176,True,True
SPXW,875073787,SPXW  260521P07040000,20260521,7040.0,P,SMART,SPXW,-1.0,-1.0,,1.6,0.21395299038019377,-0.029700360965616217,0.0003311720487153941,0.6934870571671183,-1.0026048179196891,True,True
SPXW,874716116,SPXW  260522P02600000,20260522,2600.0,P,SMART,SPXW,-1.0,-1.0,,0.0,1.2161964156914629,-2.7913721209619093e-09,1.2318819604339098e-11,1.9230955932691694e-07,-5.920375992577635e-07,True,True
SPXW,868244910,SPXW  260522P02800000,20260522,2800.0,P,SMART,SPXW,-1.0,-1.0,,0.0,1.0290287547661945,-2.0859473687640062e-10,1.1365329878545625e-12,1.5979620753991155e-08,-3.6255668270962734e-08,True,True
SPXW,868244912,SPXW  260522P03000000,20260522,3000.0,P,SMART,SPXW,-1.0,-1.0,,0.0,0.9531910960055762,-2.6984527340640025e-10,1.5637896585152868e-12,2.0758283357509582e-08,-4.3982278329570454e-08,True,True
SPXW,868244917,SPXW  260522P03200000,20260522,3200.0,P,SMART,SPXW,-1.0,-1.0,,0.0,0.9354029369269556,-1.99202198181988e-09,1.1206486815187192e-11,1.4380168192952029e-07,-3.304810793837662e-07,True,True
SPXW,868244922,SPXW  260522P03400000,20260522,3400.0,P,SMART,SPXW,-1.0,-1.0,,0.0,0.9435533963717361,-2.4676528710952235e-08,1.2903881846254423e-10,1.6228248558582915e-06,-4.303206362566588e-06,True,True
SPXW,868244927,SPXW  260522P03600000,20260522,3600.0,P,SMART,SPXW,-1.0,-1.0,,0.0,0.9586787278535145,-2.497341062200608e-07,1.2019088935511952e-09,1.4919518467641389e-05,-4.5730054157116547e-05,True,True
SPXW,868244930,SPXW  260522P03800000,20260522,3800.0,P,SMART,SPXW,-1.0,-1.0,,0.0,0.9700404528256049,-1.7143313408283294e-06,7.651092001850667e-09,9.363056360365932e-05,-0.0003243628298868779,True,True
SPXW,868244935,SPXW  260522P04000000,20260522,4000.0,P,SMART,SPXW,-1.0,-1.0,,0.0,0.9720567339598843,-7.754012871014573e-06,3.262410909830361e-08,0.00039188331315177793,-0.0014851941531866305,True,True
SPXW,868244936,SPXW  260522P04200000,20260522,4200.0,P,SMART,SPXW,-1.0,-1.0,,0.0,0.9624332863792298,-2.4976865035475345e-05,1.0107028960983821e-07,0.0011817908680887557,-0.004744235293344078,True,True
SPXW,868244941,SPXW  260522P04400000,20260522,4400.0,P,SMART,SPXW,-1.0,-1.0,,0.0,0.9406105543689455,-6.097806253396872e-05,2.4240923192660997e-07,0.0027336467242619067,-0.01127399634152368,True,True
SPXW,868244947,SPXW  260522P04600000,20260522,4600.0,P,SMART,SPXW,-1.0,-1.0,,0.0,0.9074284037354263,-0.00012045227924500883,4.803889962748078e-07,0.00517061758801407,-0.021317781203053165,True,True
SPXW,868244950,SPXW  260522P04800000,20260522,4800.0,P,SMART,SPXW,-1.0,-1.0,,0.0,0.8655210396948433,-0.0002019369205380409,8.245871125447847e-07,0.008379772066158475,-0.03369855772502772,True,True
SPXW,871351305,SPXW  260522P04850000,20260522,4850.0,P,SMART,SPXW,-1.0,-1.0,,0.0,0.8549053890090137,-0.00022462476164403233,9.257191806605191e-07,0.00925646689957449,-0.036851687752679885,True,True
SPXW,870325030,SPXW  260522P04900000,20260522,4900.0,P,SMART,SPXW,-1.0,-1.0,,0.0,0.8454012210602067,-0.00024798345994766916,1.0327140500126924e-06,0.010153382809855229,-0.03996226251195922,True,True
SPXW,871351308,SPXW  260522P04950000,20260522,4950.0,P,SMART,SPXW,-1.0,-1.0,,0.0,0.8364986553398502,-0.00026996103454571697,1.138354631874787e-06,0.010994872476569384,-0.04267707064991533,True,True
SPXW,868244953,SPXW  260522P05000000,20260522,5000.0,P,SMART,SPXW,-1.0,-1.0,,0.0,0.8252510059303942,-0.00029502849170922365,1.2597728147366333e-06,0.01194642451341199,-0.045743149445036546,True,True
SPXW,871351325,SPXW  260522P05050000,20260522,5050.0,P,SMART,SPXW,-1.0,-1.0,,0.0,0.8112563767594363,-0.00031953583387989734,1.3830628689358074e-06,0.012875424274247926,-0.04855985709703392,True,True
SPXW,868244956,SPXW  260522P05100000,20260522,5100.0,P,SMART,SPXW,-1.0,-1.0,,0.0,0.7955587159385302,-0.0003493672791188331,1.5321527718468949e-06,0.013993182106568636,-0.0520225300263657,True,True
SPXW,871351339,SPXW  260522P05150000,20260522,5150.0,P,SMART,SPXW,-1.0,-1.0,,0.0,0.778991029364654,-0.000380244883205623,1.689970852287981e-06,0.015147257194280783,-0.05547443615458581,True,True
SPXW,868244960,SPXW  260522P05200000,20260522,5200.0,P,SMART,SPXW,-1.0,-1.0,,0.0,0.7615773267207675,-0.0004154995439646988,1.8722581698966371e-06,0.016451366924620903,-0.0593426857755901,True,True
SPXW,868244965,SPXW  260522P05250000,20260522,5250.0,P,SMART,SPXW,-1.0,-1.0,,0.0,0.7439624986292294,-0.0004531574467307132,2.0725717472055876e-06,0.01783435234467179,-0.06328696741352902,True,True
SPXW,868244970,SPXW  260522P05300000,20260522,5300.0,P,SMART,SPXW,-1.0,-1.0,,0.0,0.7272172231934602,-0.0004828073547256852,2.2464953654660875e-06,0.018933354337701047,-0.06590202694469349,True,True
SPXW,868244975,SPXW  260522P05350000,20260522,5350.0,P,SMART,SPXW,-1.0,-1.0,,0.0,0.7109934191476918,-0.0005172200567958403,2.4494379282969957e-06,0.02019627019235193,-0.06893365714364319,True,True
SPXW,868244977,SPXW  260522P05400000,20260522,5400.0,P,SMART,SPXW,-1.0,-1.0,,0.0,0.6948751157777865,-0.000553753258050258,2.67054815715039e-06,0.021531384535432352,-0.0720194977576023,True,True
SPXW,868244980,SPXW  260522P05450000,20260522,5450.0,P,SMART,SPXW,-1.0,-1.0,,0.0,0.6791364137746781,-0.0005930696374978744,2.9138133619370417e-06,0.022961569327476283,-0.0752285634560057,True,True
SPXW,868244987,SPXW  260522P05500000,20260522,5500.0,P,SMART,SPXW,-1.0,-1.0,,0.0,0.6634433656514837,-0.0006303500264527445,3.1573253587951527e-06,0.024323068150506444,-0.07797277543480718,True,True
SPXW,868244990,SPXW  260522P05550000,20260522,5550.0,P,SMART,SPXW,-1.0,-1.0,,0.0,0.6477611396267661,-0.0006821219942809731,3.4811716224852787e-06,0.026177400832758657,-0.08219038694476533,True,True
SPXW,868244994,SPXW  260522P05600000,20260522,5600.0,P,SMART,SPXW,-1.0,-1.0,,0.0,0.6321148098521882,-0.0007364997068454507,3.830808378339723e-06,0.028118810608545708,-0.08642274088908053,True,True
SPXW,868244999,SPXW  260522P05650000,20260522,5650.0,P,SMART,SPXW,-1.0,-1.0,,0.0,0.616515316700527,-0.0007948945078931337,4.214614167581465e-06,0.03019493972228826,-0.09081171180721048,True,True
SPXW,871351349,SPXW  260522P05675000,20260522,5675.0,P,SMART,SPXW,-1.0,-1.0,,0.0,0.6087360611472225,-0.0008263538979811552,4.423596576752677e-06,0.0313095583749492,-0.09313796451917213,True,True
SPXW,868245000,SPXW  260522P05700000,20260522,5700.0,P,SMART,SPXW,-1.0,-1.0,,0.0,0.600971649018605,-0.0008644910643435091,4.671197366842334e-06,0.03264397226883187,-0.09609503881899915,True,True
SPXW,871351367,SPXW  260522P05725000,20260522,5725.0,P,SMART,SPXW,-1.0,-1.0,,0.0,0.5932226716861762,-0.0008977620374212169,4.898408160596481e-06,0.033818106020269134,-0.09844158899444944,True,True
SPXW,868245005,SPXW  260522P05750000,20260522,5750.0,P,SMART,SPXW,-1.0,-1.0,,0.0,0.5854893065613861,-0.0009382327485542978,5.167843380431758e-06,0.0352294699902993,-0.10144868087601731,True,True
SPXW,871351379,SPXW  260522P05775000,20260522,5775.0,P,SMART,SPXW,-1.0,-1.0,,0.0,0.5777712579584843,-0.000974567172063024,5.421335838529009e-06,0.03650267581959099,-0.10392847951697126,True,True
SPXW,868245011,SPXW  260522P05800000,20260522,5800.0,P,SMART,SPXW,-1.0,-1.0,,0.0,0.570067816231669,-0.0010191741597124326,5.723943286674429e-06,0.038048005436296606,-0.10714636627592532,True,True
SPXW,871351392,SPXW  260522P05825000,20260522,5825.0,P,SMART,SPXW,-1.0,-1.0,,0.0,0.5623780943236878,-0.0010731447997941563,6.082911924359954e-06,0.03989838279133462,-0.1111735159159024,True,True
SPXW,868245014,SPXW  260522P05850000,20260522,5850.0,P,SMART,SPXW,-1.0,-1.0,,0.0,0.5547006729429373,-0.001123760817286232,6.431705624721054e-06,0.04163559073053236,-0.11472760107393933,True,True
SPXW,871351407,SPXW  260522P05875000,20260522,5875.0,P,SMART,SPXW,-1.0,-1.0,,0.0,0.5470341327978141,-0.001177368007782945,6.804584357111931e-06,0.043467610777431887,-0.11843262226522722,True,True
SPXW,868245017,SPXW  260522P05900000,20260522,5900.0,P,SMART,SPXW,-1.0,-1.0,,0.0,0.5393768180481138,-0.0012390635659264972,7.230587808987776e-06,0.04555629254076088,-0.12275757243712616,True,True
SPXW,871351425,SPXW  260522P05925000,20260522,5925.0,P,SMART,SPXW,-1.0,-1.0,,0.0,0.5317268954421819,-0.001299267954613586,7.657985932359266e-06,0.04759481377682917,-0.1267729246633662,True,True
SPXW,868245020,SPXW  260522P05950000,20260522,5950.0,P,SMART,SPXW,-1.0,-1.0,,0.0,0.5240827091398144,-0.001362816969706561,8.114309884199846e-06,0.049737258646915805,-0.1309284548937235,True,True
SPXW,871351438,SPXW  260522P05975000,20260522,5975.0,P,SMART,SPXW,-1.0,-1.0,,0.0,0.5164424850265067,-0.0014254941875331,8.577934122553603e-06,0.05184854764017288,-0.13477849987543775,True,True
SPXW,868245024,SPXW  260522P06000000,20260522,6000.0,P,SMART,SPXW,-1.0,-1.0,,0.0,0.5088048629478056,-0.0015005338584824902,9.121571750652024e-06,0.05434951532284238,-0.13965105581038273,True,True
SPXW,870325042,SPXW  260522P06025000,20260522,6025.0,P,SMART,SPXW,-1.0,-1.0,,0.0,0.5011685418864076,-0.0015750557904732417,9.67703215715123e-06,0.05682897068483328,-0.14421718415789808,True,True
SPXW,868245029,SPXW  260522P06050000,20260522,6050.0,P,SMART,SPXW,-1.0,-1.0,,0.0,0.4935325756479106,-0.0016536405470198268,1.0270546962800952e-05,0.05943192438013156,-0.14892217813968145,True,True
SPXW,868245034,SPXW  260522P06075000,20260522,6075.0,P,SMART,SPXW,-1.0,-1.0,,0.0,0.48589649113511324,-0.0017365496383996402,1.0905176306940276e-05,0.062165689180869066,-0.15377034358048114,True,True
SPXW,868245039,SPXW  260522P06100000,20260522,6100.0,P,SMART,SPXW,-1.0,-1.0,,0.0,0.4782601700737153,-0.001824087888448823,1.1584388860309622e-05,0.06503882914337744,-0.15876827785120895,True,True
SPXW,868245041,SPXW  260522P06125000,20260522,6125.0,P,SMART,SPXW,-1.0,-1.0,,0.0,0.47062408556091795,-0.0019166089340893876,1.2312118479664491e-05,0.06806129911941206,-0.16392501829410033,True,True
SPXW,868245044,SPXW  260522P06150000,20260522,6150.0,P,SMART,SPXW,-1.0,-1.0,,0.0,0.4629892133596986,-0.0020145210400012593,1.309282717704262e-05,0.07124458801244593,-0.16925216378094363,True,True
SPXW,868245051,SPXW  260522P06175000,20260522,6175.0,P,SMART,SPXW,-1.0,-1.0,,0.05,0.45535706146738614,-0.0021182936063801655,1.3931577039471284e-05,0.0746018767651968,-0.1747639993907173,True,True
SPXW,871351455,SPXW  260522P06190000,20260522,6190.0,P,SMART,SPXW,-1.0,-1.0,,0.05,0.45077987561454386,-0.002183590956024618,1.446504599209772e-05,0.07670595059421359,-0.17816675637534465,True,True
SPXW,868245054,SPXW  260522P06200000,20260522,6200.0,P,SMART,SPXW,-1.0,-1.0,,0.05,0.44772964054708536,-0.002228464916791588,1.4834114860199225e-05,0.0781482266999376,-0.18047766408877308,True,True
SPXW,871351462,SPXW  260522P06210000,20260522,6210.0,P,SMART,SPXW,-1.0,-1.0,,0.05,0.4446805586540548,-0.0022744603478531333,1.521442496184698e-05,0.0796234739443733,-0.1828240644220429,True,True
SPXW,871351479,SPXW  260522P06220000,20260522,6220.0,P,SMART,SPXW,-1.0,-1.0,,0.05,0.4416328369154776,-0.002321620588203448,1.5606433306073286e-05,0.08113289504586518,-0.1852074017588965,True,True
SPXW,868245059,SPXW  260522P06225000,20260522,6225.0,P,SMART,SPXW,-1.0,-1.0,,0.05,0.44010952306482787,-0.0023456517199036244,1.58069738262233e-05,0.08190081429145124,-0.18641339830027448,True,True
SPXW,871351488,SPXW  260522P06230000,20260522,6230.0,P,SMART,SPXW,-1.0,-1.0,,0.05,0.43858665274280423,-0.0023699914224042952,1.6010621526113447e-05,0.08267775763671992,-0.1876292128493464,True,True
SPXW,871351498,SPXW  260522P06240000,20260522,6240.0,P,SMART,SPXW,-1.0,-1.0,,0.05,0.43554221311606023,-0.0024196212327223863,1.6427497418137713e-05,0.08425939801314541,-0.19009113156644553,True,True
SPXW,868245062,SPXW  260522P06250000,20260522,6250.0,P,SMART,SPXW,-1.0,-1.0,,0.05,0.43249975458384615,-0.002470561162982933,1.6857596593874127e-05,0.08587922514912805,-0.19259489404787544,True,True
SPXW,871351515,SPXW  260522P06260000,20260522,6260.0,P,SMART,SPXW,-1.0,-1.0,,0.05,0.42945948412618756,-0.002522865294590565,1.7301484253588552e-05,0.08753872499189086,-0.1951423442177731,True,True
SPXW,871351527,SPXW  260522P06270000,20260522,6270.0,P,SMART,SPXW,-1.0,-1.0,,0.1,0.4264216678602601,-0.0025765908334137388,1.7759757076625014e-05,0.08923946499366053,-0.19773543948663352,True,True
SPXW,868245065,SPXW  260522P06275000,20260522,6275.0,P,SMART,SPXW,-1.0,-1.0,,0.1,0.42490373549027377,-0.002604005410465198,1.7994483488602853e-05,0.090105813343083,-0.19904974822381935,True,True
SPXW,871351539,SPXW  260522P06280000,20260522,6280.0,P,SMART,SPXW,-1.0,-1.0,,0.1,0.42338654233466433,-0.002631798308731489,1.8233045240285947e-05,0.09098309889710166,-0.20037625672030757,True,True
SPXW,871351545,SPXW  260522P06290000,20260522,6290.0,P,SMART,SPXW,-1.0,-1.0,,0.1,0.4203543440980008,-0.0026885517832198687,1.8722014566089205e-05,0.09277137174273876,-0.20306699831804487,True,True
SPXW,868245068,SPXW  260522P06300000,20260522,6300.0,P,SMART,SPXW,-1.0,-1.0,,0.1,0.4173253688360204,-0.002746919074933111,1.9227368803303696e-05,0.09460612510335407,-0.2058099984197046,True,True
SPXW,871351559,SPXW  260522P06310000,20260522,6310.0,P,SMART,SPXW,-1.0,-1.0,,0.1,0.4142998530973236,-0.0028069719898208747,1.9749852046748755e-05,0.09648930251506373,-0.2086077290875288,True,True
SPXW,871351565,SPXW  260522P06320000,20260522,6320.0,P,SMART,SPXW,-1.0,-1.0,,0.15,0.4112781221362362,-0.0028687865665324302,2.0290251303536243e-05,0.09842295512361687,-0.2114628065348665,True,True
SPXW,868245074,SPXW  260522P06325000,20260522,6325.0,P,SMART,SPXW,-1.0,-1.0,,0.15,0.4097687350844462,-0.002900379460532521,2.056742777682648e-05,0.09940938146870693,-0.21291270881859248,True,True
SPXW,871351577,SPXW  260522P06330000,20260522,6330.0,P,SMART,SPXW,-1.0,-1.0,,0.15,0.4082604125013589,-0.002932443333505906,2.0849399214262294e-05,0.10040924753566216,-0.21437799736388463,True,True
SPXW,871351589,SPXW  260522P06340000,20260522,6340.0,P,SMART,SPXW,-1.0,-1.0,,0.15,0.40524701987844236,-0.0029980275788015704,2.142817693693907e-05,0.1024504639086814,-0.2173562247657106,True,True
SPXW,868245079,SPXW  260522P06350000,20260522,6350.0,P,SMART,SPXW,-1.0,-1.0,,0.15,0.40223823995323726,-0.003065629634180989,2.202751720817112e-05,0.10454901425097772,-0.22040057477035543,True,True
SPXW,871351599,SPXW  260522P06360000,20260522,6360.0,P,SMART,SPXW,-1.0,-1.0,,0.2,0.3992343388429194,-0.0031353451740723415,2.2648407591763672e-05,0.10670744100369588,-0.22351430250256676,True,True
SPXW,871351619,SPXW  260522P06370000,20260522,6370.0,P,SMART,SPXW,-1.0,-1.0,,0.2,0.3962356418018145,-0.0032072755327467698,2.329189394053076e-05,0.1089284259260772,-0.22670083865419063,True,True
SPXW,868245080,SPXW  260522P06375000,20260522,6375.0,P,SMART,SPXW,-1.0,-1.0,,0.2,0.39473834829722965,-0.0032441045660986816,2.3622454272252368e-05,0.11006325562337692,-0.2283225316194617,True,True
SPXW,871351622,SPXW  260522P06380000,20260522,6380.0,P,SMART,SPXW,-1.0,-1.0,,0.2,0.3932424445156733,-0.003281528040892507,2.395908408588494e-05,0.11121479735043138,-0.22996379615078055,True,True
SPXW,871351639,SPXW  260522P06390000,20260522,6390.0,P,SMART,SPXW,-1.0,-1.0,,0.25,0.3902549835330964,-0.0033582163841677946,2.4651151778319515e-05,0.11356953782264868,-0.23330697715230464,True,True
SPXW,868245085,SPXW  260522P06400000,20260522,6400.0,P,SMART,SPXW,-1.0,-1.0,,0.25,0.38727361367698476,-0.003437460987400969,2.5369340908925723e-05,0.11599579224287736,-0.2367343805159123,True,True
SPXW,870325048,SPXW  260522P06410000,20260522,6410.0,P,SMART,SPXW,-1.0,-1.0,,0.25,0.3842986010645139,-0.0035193894277583777,2.6114970041225935e-05,0.11849687655392672,-0.2402502098973578,True,True
SPXW,870325056,SPXW  260522P06420000,20260522,6420.0,P,SMART,SPXW,-1.0,-1.0,,0.25,0.3813302118128596,-0.00360413688060602,2.6889437285974513e-05,0.12107628707615704,-0.24385888258611743,True,True
SPXW,868245089,SPXW  260522P06425000,20260522,6425.0,P,SMART,SPXW,-1.0,-1.0,,0.25,0.37984858965306384,-0.003647612174457269,2.728794514501788e-05,0.12239650904106723,-0.24569947635678344,True,True
SPXW,868245092,SPXW  260522P06430000,20260522,6430.0,P,SMART,SPXW,-1.0,-1.0,,0.3,0.37836874160777256,-0.003691846601612612,2.7694225551739083e-05,0.12373771053972148,-0.2475650392150346,True,True
SPXW,868245099,SPXW  260522P06440000,20260522,6440.0,P,SMART,SPXW,-1.0,-1.0,,0.3,0.3754144565664284,-0.0037826704503848814,2.853090821534106e-05,0.12648503495119812,-0.2513735545338225,True,True
SPXW,868245102,SPXW  260522P06450000,20260522,6450.0,P,SMART,SPXW,-1.0,-1.0,,0.3,0.37246765237457796,-0.003876769458995148,2.9401155246536416e-05,0.12932236132519748,-0.2552895493137104,True,True
SPXW,868245104,SPXW  260522P06460000,20260522,6460.0,P,SMART,SPXW,-1.0,-1.0,,0.3,0.36952853601224667,-0.003974314450287319,3.03067398314287e-05,0.13225401639606815,-0.2593184035094396,True,True
SPXW,868245109,SPXW  260522P06470000,20260522,6470.0,P,SMART,SPXW,-1.0,-1.0,,0.35,0.3665973735966102,-0.004075486709995833,3.124954553562547e-05,0.13528456635842545,-0.26346577073494615,True,True
SPXW,868245114,SPXW  260522P06475000,20260522,6475.0,P,SMART,SPXW,-1.0,-1.0,,0.35,0.36513485273631213,-0.004127492756774434,3.173552699786484e-05,0.1368384229693227,-0.26558574219424,True,True
SPXW,868245119,SPXW  260522P06480000,20260522,6480.0,P,SMART,SPXW,-1.0,-1.0,,0.35,0.3636744312448443,-0.00418047871726112,3.223157405275879e-05,0.13841883172016267,-0.2677375941305158,True,True
SPXW,868245120,SPXW  260522P06490000,20260522,6490.0,P,SMART,SPXW,-1.0,-1.0,,0.35,0.3607598863683993,-0.0042894949372156415,3.3254953580138765e-05,0.14166190329548556,-0.2721401235901979,True,True
SPXW,868245125,SPXW  260522P06500000,20260522,6500.0,P,SMART,SPXW,-1.0,-1.0,,0.4,0.35785397551587583,-0.004402752678941937,3.432194786245066e-05,0.1450191593790251,-0.27667993430294047,True,True
SPXW,868245130,SPXW  260522P06510000,20260522,6510.0,P,SMART,SPXW,-1.0,-1.0,,0.4,0.3549569056672994,-0.004520483022829247,3.543496595006869e-05,0.14849628411845828,-0.2813639465641202,True,True
SPXW,868245135,SPXW  260522P06520000,20260522,6520.0,P,SMART,SPXW,-1.0,-1.0,,0.4,0.3520688542341205,-0.004642931818407203,3.659657270243467e-05,0.15209928705784392,-0.2861994466091602,True,True
SPXW,868245137,SPXW  260522P06525000,20260522,6525.0,P,SMART,SPXW,-1.0,-1.0,,0.4,0.3506282732565271,-0.004706006764090306,3.7196443712440536e-05,0.15394996487574275,-0.28867638689568764,True,True
