ContractSuffix,OptionRoot,OptionType,DeltaPct,TargetDelta,N,Corr,StartDate,EndDate
(Jan 25),SPX,p,0.1,-0.001,184,0.1524407701507873,2024-01-18,2025-02-20
(Jan 25),SPX,p,0.5,-0.005,184,0.42607290894451133,2024-01-18,2025-02-20
(Jan 25),SPX,p,1.0,-0.01,184,0.5941848211893985,2024-01-18,2025-02-20
(Jan 25),SPX,p,2.0,-0.02,184,0.7060472195545217,2024-01-18,2025-02-20
(Jan 25),SPX,p,5.0,-0.05,184,0.7497554700036771,2024-01-18,2025-02-20
(Jan 25),SPX,p,10.0,-0.1,184,0.7117696931503842,2024-01-18,2025-02-20
(Jan 25),SPX,p,15.0,-0.15,184,0.7162665185802811,2024-01-18,2025-02-20
(Jan 25),SPX,p,20.0,-0.2,184,0.7097161254020786,2024-01-18,2025-02-20
(Jan 25),SPX,p,25.0,-0.25,184,0.7572450058378919,2024-01-18,2025-02-20
(Jan 25),SPX,p,30.0,-0.3,184,0.7251668233082262,2024-01-18,2025-02-20
(Jan 25),SPX,p,35.0,-0.35,184,0.7250573273430754,2024-01-18,2025-02-20
(Jan 25),SPX,p,40.0,-0.4,184,0.6900838453483287,2024-01-18,2025-02-20
(Jan 25),SPX,p,45.0,-0.45,184,0.690768642295529,2024-01-18,2025-02-20
(Jan 25),SPX,p,50.0,-0.5,184,0.7053403212064527,2024-01-18,2025-02-20
(Jan 25),VIX,p,0.1,-0.001,50,,2024-04-25,2025-01-21
(Jan 25),VIX,p,0.5,-0.005,49,,2024-04-25,2025-01-21
(Jan 25),VIX,p,1.0,-0.01,50,,2024-04-25,2025-01-21
(Jan 25),VIX,p,2.0,-0.02,166,,2024-04-25,2025-01-21
(Jan 25),VIX,p,5.0,-0.05,178,,2024-04-25,2025-01-21
(Jan 25),VIX,p,10.0,-0.1,180,,2024-04-25,2025-01-21
(Jan 25),VIX,p,15.0,-0.15,180,0.3782711962847819,2024-04-25,2025-01-21
(Jan 25),VIX,p,20.0,-0.2,180,0.3770480055770293,2024-04-25,2025-01-21
(Jan 25),VIX,p,25.0,-0.25,180,0.5238965207920214,2024-04-25,2025-01-21
(Jan 25),VIX,p,30.0,-0.3,180,0.44598786843304833,2024-04-25,2025-01-21
(Jan 25),VIX,p,35.0,-0.35,180,0.4399912475257344,2024-04-25,2025-01-21
(Jan 25),VIX,p,40.0,-0.4,180,0.5423242788919357,2024-04-25,2025-01-21
(Jan 25),VIX,p,45.0,-0.45,180,0.5938722172654786,2024-04-25,2025-01-21
(Jan 25),VIX,p,50.0,-0.5,180,0.5606700558426628,2024-04-25,2025-01-21
(Jan 25),SPX,c,0.1,0.001,137,,2024-01-18,2025-02-20
(Jan 25),SPX,c,0.5,0.005,184,,2024-01-18,2025-02-20
(Jan 25),SPX,c,1.0,0.01,184,-0.1032363086129483,2024-01-18,2025-02-20
(Jan 25),SPX,c,2.0,0.02,184,0.07736119042774882,2024-01-18,2025-02-20
(Jan 25),SPX,c,5.0,0.05,184,0.10977153276086743,2024-01-18,2025-02-20
(Jan 25),SPX,c,10.0,0.1,184,0.11306336215275789,2024-01-18,2025-02-20
(Jan 25),SPX,c,15.0,0.15,184,0.1611543837548273,2024-01-18,2025-02-20
(Jan 25),SPX,c,20.0,0.2,184,0.268124283230642,2024-01-18,2025-02-20
(Jan 25),SPX,c,25.0,0.25,184,0.2262006359129349,2024-01-18,2025-02-20
(Jan 25),SPX,c,30.0,0.3,184,0.24332354145419396,2024-01-18,2025-02-20
(Jan 25),SPX,c,35.0,0.35,184,0.34903860949393145,2024-01-18,2025-02-20
(Jan 25),SPX,c,40.0,0.4,184,0.5275644766777111,2024-01-18,2025-02-20
(Jan 25),SPX,c,45.0,0.45,184,0.5301722640748887,2024-01-18,2025-02-20
(Jan 25),SPX,c,50.0,0.5,184,0.6317239741545044,2024-01-18,2025-02-20
(Jan 25),VIX,c,0.1,0.001,145,,2024-04-25,2025-01-21
(Jan 25),VIX,c,0.5,0.005,145,,2024-04-25,2025-01-21
(Jan 25),VIX,c,1.0,0.01,174,,2024-04-25,2025-01-21
(Jan 25),VIX,c,2.0,0.02,174,,2024-04-25,2025-01-21
(Jan 25),VIX,c,5.0,0.05,180,0.08658136765818528,2024-04-25,2025-01-21
(Jan 25),VIX,c,10.0,0.1,180,0.3392634102533117,2024-04-25,2025-01-21
(Jan 25),VIX,c,15.0,0.15,180,0.2910943911201699,2024-04-25,2025-01-21
(Jan 25),VIX,c,20.0,0.2,180,0.554581196657861,2024-04-25,2025-01-21
(Jan 25),VIX,c,25.0,0.25,180,0.6028624440187479,2024-04-25,2025-01-21
(Jan 25),VIX,c,30.0,0.3,180,0.5680305255364726,2024-04-25,2025-01-21
(Jan 25),VIX,c,35.0,0.35,180,0.5904174349243388,2024-04-25,2025-01-21
(Jan 25),VIX,c,40.0,0.4,180,0.5748416985266463,2024-04-25,2025-01-21
(Jan 25),VIX,c,45.0,0.45,180,0.581815088017733,2024-04-25,2025-01-21
(Jan 25),VIX,c,50.0,0.5,180,0.5912403732450022,2024-04-25,2025-01-21
(Feb 25),SPX,p,0.1,-0.001,178,,2023-12-15,2025-03-20
(Feb 25),SPX,p,0.5,-0.005,178,0.4761227120092746,2023-12-15,2025-03-20
(Feb 25),SPX,p,1.0,-0.01,178,0.6376700000100964,2023-12-15,2025-03-20
(Feb 25),SPX,p,2.0,-0.02,178,0.7423675289666125,2023-12-15,2025-03-20
(Feb 25),SPX,p,5.0,-0.05,178,0.8002487771487408,2023-12-15,2025-03-20
(Feb 25),SPX,p,10.0,-0.1,178,0.7726718399811581,2023-12-15,2025-03-20
(Feb 25),SPX,p,15.0,-0.15,178,0.7909341750470537,2023-12-15,2025-03-20
(Feb 25),SPX,p,20.0,-0.2,178,0.7779591520659551,2023-12-15,2025-03-20
(Feb 25),SPX,p,25.0,-0.25,178,0.7833147873411338,2023-12-15,2025-03-20
(Feb 25),SPX,p,30.0,-0.3,178,0.7872282965976408,2023-12-15,2025-03-20
(Feb 25),SPX,p,35.0,-0.35,178,0.7804715832973653,2023-12-15,2025-03-20
(Feb 25),SPX,p,40.0,-0.4,178,0.7736874968460843,2023-12-15,2025-03-20
(Feb 25),SPX,p,45.0,-0.45,178,0.7763437698151866,2023-12-15,2025-03-20
(Feb 25),SPX,p,50.0,-0.5,178,0.7592845440263875,2023-12-15,2025-03-20
(Feb 25),VIX,p,0.1,-0.001,10,,2024-05-30,2025-02-18
(Feb 25),VIX,p,0.5,-0.005,9,,2024-05-30,2025-02-18
(Feb 25),VIX,p,1.0,-0.01,32,,2024-05-30,2025-02-18
(Feb 25),VIX,p,2.0,-0.02,158,,2024-05-30,2025-02-18
(Feb 25),VIX,p,5.0,-0.05,172,,2024-05-30,2025-02-18
(Feb 25),VIX,p,10.0,-0.1,175,,2024-05-30,2025-02-18
(Feb 25),VIX,p,15.0,-0.15,174,,2024-05-30,2025-02-18
(Feb 25),VIX,p,20.0,-0.2,174,,2024-05-30,2025-02-18
(Feb 25),VIX,p,25.0,-0.25,175,,2024-05-30,2025-02-18
(Feb 25),VIX,p,30.0,-0.3,175,0.4541966869615458,2024-05-30,2025-02-18
(Feb 25),VIX,p,35.0,-0.35,175,0.37835662015648336,2024-05-30,2025-02-18
(Feb 25),VIX,p,40.0,-0.4,175,0.4813434546240067,2024-05-30,2025-02-18
(Feb 25),VIX,p,45.0,-0.45,175,0.4943149218705438,2024-05-30,2025-02-18
(Feb 25),VIX,p,50.0,-0.5,175,0.5372558408383539,2024-05-30,2025-02-18
(Feb 25),SPX,c,0.1,0.001,155,,2023-12-15,2025-03-20
(Feb 25),SPX,c,0.5,0.005,178,-0.07600339502964164,2023-12-15,2025-03-20
(Feb 25),SPX,c,1.0,0.01,178,-0.10014935091823841,2023-12-15,2025-03-20
(Feb 25),SPX,c,2.0,0.02,178,-0.0806425869235404,2023-12-15,2025-03-20
(Feb 25),SPX,c,5.0,0.05,178,0.06294309148167114,2023-12-15,2025-03-20
(Feb 25),SPX,c,10.0,0.1,178,0.14900884284836416,2023-12-15,2025-03-20
(Feb 25),SPX,c,15.0,0.15,178,0.20998537260899383,2023-12-15,2025-03-20
(Feb 25),SPX,c,20.0,0.2,178,0.2089405090558926,2023-12-15,2025-03-20
(Feb 25),SPX,c,25.0,0.25,178,0.2646044141513103,2023-12-15,2025-03-20
(Feb 25),SPX,c,30.0,0.3,178,0.3901434069412802,2023-12-15,2025-03-20
(Feb 25),SPX,c,35.0,0.35,178,0.43271201101481604,2023-12-15,2025-03-20
(Feb 25),SPX,c,40.0,0.4,178,0.6214897724839203,2023-12-15,2025-03-20
(Feb 25),SPX,c,45.0,0.45,178,0.6261502292273821,2023-12-15,2025-03-20
(Feb 25),SPX,c,50.0,0.5,178,0.6838963620251934,2023-12-15,2025-03-20
(Feb 25),VIX,c,0.1,0.001,153,,2024-05-30,2025-02-18
(Feb 25),VIX,c,0.5,0.005,157,,2024-05-30,2025-02-18
(Feb 25),VIX,c,1.0,0.01,174,,2024-05-30,2025-02-18
(Feb 25),VIX,c,2.0,0.02,174,,2024-05-30,2025-02-18
(Feb 25),VIX,c,5.0,0.05,173,,2024-05-30,2025-02-18
(Feb 25),VIX,c,10.0,0.1,174,,2024-05-30,2025-02-18
(Feb 25),VIX,c,15.0,0.15,174,,2024-05-30,2025-02-18
(Feb 25),VIX,c,20.0,0.2,175,,2024-05-30,2025-02-18
(Feb 25),VIX,c,25.0,0.25,175,,2024-05-30,2025-02-18
(Feb 25),VIX,c,30.0,0.3,175,,2024-05-30,2025-02-18
(Feb 25),VIX,c,35.0,0.35,175,,2024-05-30,2025-02-18
(Feb 25),VIX,c,40.0,0.4,175,-0.0006107727718190287,2024-05-30,2025-02-18
(Feb 25),VIX,c,45.0,0.45,175,0.3384114676342188,2024-05-30,2025-02-18
(Feb 25),VIX,c,50.0,0.5,175,0.19396344652894562,2024-05-30,2025-02-18
(Mar 25),SPX,p,0.1,-0.001,179,,2024-03-14,2025-04-16
(Mar 25),SPX,p,0.5,-0.005,179,0.32157614591096434,2024-03-14,2025-04-16
(Mar 25),SPX,p,1.0,-0.01,179,0.6516140686411396,2024-03-14,2025-04-16
(Mar 25),SPX,p,2.0,-0.02,179,0.7750079871288725,2024-03-14,2025-04-16
(Mar 25),SPX,p,5.0,-0.05,179,0.8216486040890016,2024-03-14,2025-04-16
(Mar 25),SPX,p,10.0,-0.1,179,0.825492954385406,2024-03-14,2025-04-16
(Mar 25),SPX,p,15.0,-0.15,179,0.8348389483609715,2024-03-14,2025-04-16
(Mar 25),SPX,p,20.0,-0.2,179,0.8159885610446668,2024-03-14,2025-04-16
(Mar 25),SPX,p,25.0,-0.25,179,0.8579185689750626,2024-03-14,2025-04-16
(Mar 25),SPX,p,30.0,-0.3,179,0.8507031229920264,2024-03-14,2025-04-16
(Mar 25),SPX,p,35.0,-0.35,179,0.8216223991154887,2024-03-14,2025-04-16
(Mar 25),SPX,p,40.0,-0.4,179,0.837510007963723,2024-03-14,2025-04-16
(Mar 25),SPX,p,45.0,-0.45,179,0.8372104004887028,2024-03-14,2025-04-16
(Mar 25),SPX,p,50.0,-0.5,179,0.838546709276393,2024-03-14,2025-04-16
(Mar 25),VIX,p,0.1,-0.001,39,,2024-06-27,2025-03-17
(Mar 25),VIX,p,0.5,-0.005,37,,2024-06-27,2025-03-17
(Mar 25),VIX,p,1.0,-0.01,47,,2024-06-27,2025-03-17
(Mar 25),VIX,p,2.0,-0.02,169,,2024-06-27,2025-03-17
(Mar 25),VIX,p,5.0,-0.05,174,,2024-06-27,2025-03-17
(Mar 25),VIX,p,10.0,-0.1,175,,2024-06-27,2025-03-17
(Mar 25),VIX,p,15.0,-0.15,175,,2024-06-27,2025-03-17
(Mar 25),VIX,p,20.0,-0.2,175,0.5003708586353175,2024-06-27,2025-03-17
(Mar 25),VIX,p,25.0,-0.25,175,0.5326971279081539,2024-06-27,2025-03-17
(Mar 25),VIX,p,30.0,-0.3,175,0.2722174343129495,2024-06-27,2025-03-17
(Mar 25),VIX,p,35.0,-0.35,175,0.6264343759905184,2024-06-27,2025-03-17
(Mar 25),VIX,p,40.0,-0.4,175,0.2428674993227902,2024-06-27,2025-03-17
(Mar 25),VIX,p,45.0,-0.45,175,0.24224741887191056,2024-06-27,2025-03-17
(Mar 25),VIX,p,50.0,-0.5,175,0.444113485122851,2024-06-27,2025-03-17
(Mar 25),SPX,c,0.1,0.001,63,,2024-03-14,2025-04-16
(Mar 25),SPX,c,0.5,0.005,178,,2024-03-14,2025-04-16
(Mar 25),SPX,c,1.0,0.01,179,0.010002474593550243,2024-03-14,2025-04-16
(Mar 25),SPX,c,2.0,0.02,179,0.054848851749048515,2024-03-14,2025-04-16
(Mar 25),SPX,c,5.0,0.05,179,0.103796909849217,2024-03-14,2025-04-16
(Mar 25),SPX,c,10.0,0.1,179,0.1578789518765636,2024-03-14,2025-04-16
(Mar 25),SPX,c,15.0,0.15,179,0.29662193928368635,2024-03-14,2025-04-16
(Mar 25),SPX,c,20.0,0.2,179,0.36676005736216855,2024-03-14,2025-04-16
(Mar 25),SPX,c,25.0,0.25,179,0.37887944093540415,2024-03-14,2025-04-16
(Mar 25),SPX,c,30.0,0.3,179,0.5530669173988904,2024-03-14,2025-04-16
(Mar 25),SPX,c,35.0,0.35,179,0.5877122780465306,2024-03-14,2025-04-16
(Mar 25),SPX,c,40.0,0.4,179,0.6979473334782694,2024-03-14,2025-04-16
(Mar 25),SPX,c,45.0,0.45,179,0.7697893933384301,2024-03-14,2025-04-16
(Mar 25),SPX,c,50.0,0.5,179,0.7771944178417105,2024-03-14,2025-04-16
(Mar 25),VIX,c,0.1,0.001,160,,2024-06-27,2025-03-17
(Mar 25),VIX,c,0.5,0.005,166,,2024-06-27,2025-03-17
(Mar 25),VIX,c,1.0,0.01,171,,2024-06-27,2025-03-17
(Mar 25),VIX,c,2.0,0.02,171,,2024-06-27,2025-03-17
(Mar 25),VIX,c,5.0,0.05,172,,2024-06-27,2025-03-17
(Mar 25),VIX,c,10.0,0.1,175,,2024-06-27,2025-03-17
(Mar 25),VIX,c,15.0,0.15,175,-0.14162559022860594,2024-06-27,2025-03-17
(Mar 25),VIX,c,20.0,0.2,175,-0.08202784100379708,2024-06-27,2025-03-17
(Mar 25),VIX,c,25.0,0.25,175,,2024-06-27,2025-03-17
(Mar 25),VIX,c,30.0,0.3,175,,2024-06-27,2025-03-17
(Mar 25),VIX,c,35.0,0.35,175,,2024-06-27,2025-03-17
(Mar 25),VIX,c,40.0,0.4,175,,2024-06-27,2025-03-17
(Mar 25),VIX,c,45.0,0.45,175,,2024-06-27,2025-03-17
(Mar 25),VIX,c,50.0,0.5,175,,2024-06-27,2025-03-17
(Apr 25),SPX,p,0.1,-0.001,181,,2024-04-18,2025-05-15
(Apr 25),SPX,p,0.5,-0.005,181,0.6483573747644553,2024-04-18,2025-05-15
(Apr 25),SPX,p,1.0,-0.01,181,0.7613303712463627,2024-04-18,2025-05-15
(Apr 25),SPX,p,2.0,-0.02,181,0.8958701699592637,2024-04-18,2025-05-15
(Apr 25),SPX,p,5.0,-0.05,181,0.9062886939719309,2024-04-18,2025-05-15
(Apr 25),SPX,p,10.0,-0.1,181,0.911217733672116,2024-04-18,2025-05-15
(Apr 25),SPX,p,15.0,-0.15,181,0.9063912507449882,2024-04-18,2025-05-15
(Apr 25),SPX,p,20.0,-0.2,181,0.907213593325495,2024-04-18,2025-05-15
(Apr 25),SPX,p,25.0,-0.25,181,0.9132351449656806,2024-04-18,2025-05-15
(Apr 25),SPX,p,30.0,-0.3,181,0.9207473829901301,2024-04-18,2025-05-15
(Apr 25),SPX,p,35.0,-0.35,181,0.9105491685505337,2024-04-18,2025-05-15
(Apr 25),SPX,p,40.0,-0.4,181,0.9147980407881983,2024-04-18,2025-05-15
(Apr 25),SPX,p,45.0,-0.45,181,0.9120820629948673,2024-04-18,2025-05-15
(Apr 25),SPX,p,50.0,-0.5,181,0.8980101775124645,2024-04-18,2025-05-15
(Apr 25),VIX,p,0.1,-0.001,37,,2024-07-25,2025-04-15
(Apr 25),VIX,p,0.5,-0.005,44,,2024-07-25,2025-04-15
(Apr 25),VIX,p,1.0,-0.01,63,,2024-07-25,2025-04-15
(Apr 25),VIX,p,2.0,-0.02,171,,2024-07-25,2025-04-15
(Apr 25),VIX,p,5.0,-0.05,171,,2024-07-25,2025-04-15
(Apr 25),VIX,p,10.0,-0.1,176,,2024-07-25,2025-04-15
(Apr 25),VIX,p,15.0,-0.15,176,,2024-07-25,2025-04-15
(Apr 25),VIX,p,20.0,-0.2,177,,2024-07-25,2025-04-15
(Apr 25),VIX,p,25.0,-0.25,177,0.5999474973244137,2024-07-25,2025-04-15
(Apr 25),VIX,p,30.0,-0.3,177,0.6644472416931707,2024-07-25,2025-04-15
(Apr 25),VIX,p,35.0,-0.35,177,0.7367189914444329,2024-07-25,2025-04-15
(Apr 25),VIX,p,40.0,-0.4,177,0.795763854013719,2024-07-25,2025-04-15
(Apr 25),VIX,p,45.0,-0.45,177,0.7493417299326549,2024-07-25,2025-04-15
(Apr 25),VIX,p,50.0,-0.5,177,0.7893947889754823,2024-07-25,2025-04-15
(Apr 25),SPX,c,0.1,0.001,65,,2024-04-18,2025-05-15
(Apr 25),SPX,c,0.5,0.005,181,,2024-04-18,2025-05-15
(Apr 25),SPX,c,1.0,0.01,181,0.17090505031169906,2024-04-18,2025-05-15
(Apr 25),SPX,c,2.0,0.02,181,0.2532920670275329,2024-04-18,2025-05-15
(Apr 25),SPX,c,5.0,0.05,181,0.33436945152717934,2024-04-18,2025-05-15
(Apr 25),SPX,c,10.0,0.1,181,0.3435383681119242,2024-04-18,2025-05-15
(Apr 25),SPX,c,15.0,0.15,181,0.5642957806138652,2024-04-18,2025-05-15
(Apr 25),SPX,c,20.0,0.2,181,0.6668330404151637,2024-04-18,2025-05-15
(Apr 25),SPX,c,25.0,0.25,181,0.6886225586902223,2024-04-18,2025-05-15
(Apr 25),SPX,c,30.0,0.3,181,0.726761141365456,2024-04-18,2025-05-15
(Apr 25),SPX,c,35.0,0.35,181,0.7464379709400999,2024-04-18,2025-05-15
(Apr 25),SPX,c,40.0,0.4,181,0.8446939962050519,2024-04-18,2025-05-15
(Apr 25),SPX,c,45.0,0.45,181,0.8397585278392542,2024-04-18,2025-05-15
(Apr 25),SPX,c,50.0,0.5,181,0.870922369600224,2024-04-18,2025-05-15
(Apr 25),VIX,c,0.1,0.001,154,,2024-07-25,2025-04-15
(Apr 25),VIX,c,0.5,0.005,156,,2024-07-25,2025-04-15
(Apr 25),VIX,c,1.0,0.01,171,,2024-07-25,2025-04-15
(Apr 25),VIX,c,2.0,0.02,171,,2024-07-25,2025-04-15
(Apr 25),VIX,c,5.0,0.05,171,,2024-07-25,2025-04-15
(Apr 25),VIX,c,10.0,0.1,171,,2024-07-25,2025-04-15
(Apr 25),VIX,c,15.0,0.15,176,,2024-07-25,2025-04-15
(Apr 25),VIX,c,20.0,0.2,177,,2024-07-25,2025-04-15
(Apr 25),VIX,c,25.0,0.25,177,,2024-07-25,2025-04-15
(Apr 25),VIX,c,30.0,0.3,177,,2024-07-25,2025-04-15
(Apr 25),VIX,c,35.0,0.35,177,0.10219222522646879,2024-07-25,2025-04-15
(Apr 25),VIX,c,40.0,0.4,177,0.713832646112488,2024-07-25,2025-04-15
(Apr 25),VIX,c,45.0,0.45,177,0.5317677294181369,2024-07-25,2025-04-15
(Apr 25),VIX,c,50.0,0.5,177,0.5986936500592459,2024-07-25,2025-04-15
(May 25),SPX,p,0.1,-0.001,178,-0.22300270117862922,2023-12-15,2025-06-18
(May 25),SPX,p,0.5,-0.005,178,0.6351346660888159,2023-12-15,2025-06-18
(May 25),SPX,p,1.0,-0.01,178,0.7525395797200889,2023-12-15,2025-06-18
(May 25),SPX,p,2.0,-0.02,178,0.8589818697353241,2023-12-15,2025-06-18
(May 25),SPX,p,5.0,-0.05,178,0.9081734112996541,2023-12-15,2025-06-18
(May 25),SPX,p,10.0,-0.1,178,0.879949660188321,2023-12-15,2025-06-18
(May 25),SPX,p,15.0,-0.15,178,0.8971818212344321,2023-12-15,2025-06-18
(May 25),SPX,p,20.0,-0.2,178,0.8996587513859736,2023-12-15,2025-06-18
(May 25),SPX,p,25.0,-0.25,178,0.9033776022778848,2023-12-15,2025-06-18
(May 25),SPX,p,30.0,-0.3,178,0.9171182737507433,2023-12-15,2025-06-18
(May 25),SPX,p,35.0,-0.35,178,0.922538408471259,2023-12-15,2025-06-18
(May 25),SPX,p,40.0,-0.4,178,0.9190029534779145,2023-12-15,2025-06-18
(May 25),SPX,p,45.0,-0.45,178,0.920108823812864,2023-12-15,2025-06-18
(May 25),SPX,p,50.0,-0.5,178,0.9244567856102488,2023-12-15,2025-06-18
(May 25),VIX,p,0.1,-0.001,33,,2024-08-29,2025-05-20
(May 25),VIX,p,0.5,-0.005,29,,2024-08-29,2025-05-20
(May 25),VIX,p,1.0,-0.01,94,,2024-08-29,2025-05-20
(May 25),VIX,p,2.0,-0.02,172,,2024-08-29,2025-05-20
(May 25),VIX,p,5.0,-0.05,174,,2024-08-29,2025-05-20
(May 25),VIX,p,10.0,-0.1,174,,2024-08-29,2025-05-20
(May 25),VIX,p,15.0,-0.15,174,0.3675086711567823,2024-08-29,2025-05-20
(May 25),VIX,p,20.0,-0.2,174,0.5640822093843247,2024-08-29,2025-05-20
(May 25),VIX,p,25.0,-0.25,174,0.6273340583349966,2024-08-29,2025-05-20
(May 25),VIX,p,30.0,-0.3,174,0.7077878229429032,2024-08-29,2025-05-20
(May 25),VIX,p,35.0,-0.35,174,0.6985932645229882,2024-08-29,2025-05-20
(May 25),VIX,p,40.0,-0.4,174,0.7299794132633843,2024-08-29,2025-05-20
(May 25),VIX,p,45.0,-0.45,174,0.7628522406541323,2024-08-29,2025-05-20
(May 25),VIX,p,50.0,-0.5,174,0.8078229817109281,2024-08-29,2025-05-20
(May 25),SPX,c,0.1,0.001,125,,2023-12-15,2025-06-18
(May 25),SPX,c,0.5,0.005,178,-0.0547606506426095,2023-12-15,2025-06-18
(May 25),SPX,c,1.0,0.01,178,0.1210107174333728,2023-12-15,2025-06-18
(May 25),SPX,c,2.0,0.02,178,0.24533538560849863,2023-12-15,2025-06-18
(May 25),SPX,c,5.0,0.05,178,0.29072972446950646,2023-12-15,2025-06-18
(May 25),SPX,c,10.0,0.1,178,0.3869422753597737,2023-12-15,2025-06-18
(May 25),SPX,c,15.0,0.15,178,0.4274332035514856,2023-12-15,2025-06-18
(May 25),SPX,c,20.0,0.2,178,0.7198833187227706,2023-12-15,2025-06-18
(May 25),SPX,c,25.0,0.25,178,0.6393990313389045,2023-12-15,2025-06-18
(May 25),SPX,c,30.0,0.3,178,0.7573074177727781,2023-12-15,2025-06-18
(May 25),SPX,c,35.0,0.35,178,0.7937472902152588,2023-12-15,2025-06-18
(May 25),SPX,c,40.0,0.4,178,0.868751197394206,2023-12-15,2025-06-18
(May 25),SPX,c,45.0,0.45,178,0.875089871545656,2023-12-15,2025-06-18
(May 25),SPX,c,50.0,0.5,178,0.8864513989640906,2023-12-15,2025-06-18
(May 25),VIX,c,0.1,0.001,154,,2024-08-29,2025-05-20
(May 25),VIX,c,0.5,0.005,162,,2024-08-29,2025-05-20
(May 25),VIX,c,1.0,0.01,170,,2024-08-29,2025-05-20
(May 25),VIX,c,2.0,0.02,174,0.4148981571690285,2024-08-29,2025-05-20
(May 25),VIX,c,5.0,0.05,174,0.05801151068526083,2024-08-29,2025-05-20
(May 25),VIX,c,10.0,0.1,174,,2024-08-29,2025-05-20
(May 25),VIX,c,15.0,0.15,174,0.11794861588848123,2024-08-29,2025-05-20
(May 25),VIX,c,20.0,0.2,174,0.5332901557307634,2024-08-29,2025-05-20
(May 25),VIX,c,25.0,0.25,174,0.7343958926276335,2024-08-29,2025-05-20
(May 25),VIX,c,30.0,0.3,174,0.7296920794149458,2024-08-29,2025-05-20
(May 25),VIX,c,35.0,0.35,174,0.7895872253390093,2024-08-29,2025-05-20
(May 25),VIX,c,40.0,0.4,174,0.8107783120827466,2024-08-29,2025-05-20
(May 25),VIX,c,45.0,0.45,174,0.7967680659901584,2024-08-29,2025-05-20
(May 25),VIX,c,50.0,0.5,174,0.8038127407843945,2024-08-29,2025-05-20
(Jun 25),SPX,p,0.1,-0.001,178,0.18070107395030718,2024-06-20,2025-07-17
(Jun 25),SPX,p,0.5,-0.005,178,0.45455558529963924,2024-06-20,2025-07-17
(Jun 25),SPX,p,1.0,-0.01,178,0.6779229104667908,2024-06-20,2025-07-17
(Jun 25),SPX,p,2.0,-0.02,178,0.8508368004769629,2024-06-20,2025-07-17
(Jun 25),SPX,p,5.0,-0.05,178,0.872710013195502,2024-06-20,2025-07-17
(Jun 25),SPX,p,10.0,-0.1,178,0.886163711007995,2024-06-20,2025-07-17
(Jun 25),SPX,p,15.0,-0.15,178,0.9054216856377372,2024-06-20,2025-07-17
(Jun 25),SPX,p,20.0,-0.2,178,0.9028180796680125,2024-06-20,2025-07-17
(Jun 25),SPX,p,25.0,-0.25,178,0.9126961323711537,2024-06-20,2025-07-17
(Jun 25),SPX,p,30.0,-0.3,178,0.9150205038007486,2024-06-20,2025-07-17
(Jun 25),SPX,p,35.0,-0.35,178,0.9163349290927932,2024-06-20,2025-07-17
(Jun 25),SPX,p,40.0,-0.4,178,0.9103411302109972,2024-06-20,2025-07-17
(Jun 25),SPX,p,45.0,-0.45,178,0.9086037924831435,2024-06-20,2025-07-17
(Jun 25),SPX,p,50.0,-0.5,178,0.9105063668703436,2024-06-20,2025-07-17
(Jun 25),VIX,p,0.1,-0.001,21,,2024-09-26,2025-06-17
(Jun 25),VIX,p,0.5,-0.005,17,,2024-09-26,2025-06-17
(Jun 25),VIX,p,1.0,-0.01,88,,2024-09-26,2025-06-17
(Jun 25),VIX,p,2.0,-0.02,169,,2024-09-26,2025-06-17
(Jun 25),VIX,p,5.0,-0.05,172,,2024-09-26,2025-06-17
(Jun 25),VIX,p,10.0,-0.1,173,,2024-09-26,2025-06-17
(Jun 25),VIX,p,15.0,-0.15,174,0.42886923443383285,2024-09-26,2025-06-17
(Jun 25),VIX,p,20.0,-0.2,174,0.5422365837421559,2024-09-26,2025-06-17
(Jun 25),VIX,p,25.0,-0.25,174,0.5226603204359116,2024-09-26,2025-06-17
(Jun 25),VIX,p,30.0,-0.3,174,0.6234936064101032,2024-09-26,2025-06-17
(Jun 25),VIX,p,35.0,-0.35,174,0.6164285864442792,2024-09-26,2025-06-17
(Jun 25),VIX,p,40.0,-0.4,174,0.717974799086898,2024-09-26,2025-06-17
(Jun 25),VIX,p,45.0,-0.45,174,0.7813502172169139,2024-09-26,2025-06-17
(Jun 25),VIX,p,50.0,-0.5,174,0.7495278469350304,2024-09-26,2025-06-17
(Jun 25),SPX,c,0.1,0.001,104,,2024-06-20,2025-07-17
(Jun 25),SPX,c,0.5,0.005,178,-0.1253075589788769,2024-06-20,2025-07-17
(Jun 25),SPX,c,1.0,0.01,178,-0.015619869627844408,2024-06-20,2025-07-17
(Jun 25),SPX,c,2.0,0.02,178,0.06030361931522294,2024-06-20,2025-07-17
(Jun 25),SPX,c,5.0,0.05,178,0.3534620124657037,2024-06-20,2025-07-17
(Jun 25),SPX,c,10.0,0.1,178,0.3547520749218974,2024-06-20,2025-07-17
(Jun 25),SPX,c,15.0,0.15,178,0.41239792028706984,2024-06-20,2025-07-17
(Jun 25),SPX,c,20.0,0.2,178,0.5530763610306886,2024-06-20,2025-07-17
(Jun 25),SPX,c,25.0,0.25,178,0.6273773532912629,2024-06-20,2025-07-17
(Jun 25),SPX,c,30.0,0.3,178,0.7559840079206643,2024-06-20,2025-07-17
(Jun 25),SPX,c,35.0,0.35,178,0.7909472053496237,2024-06-20,2025-07-17
(Jun 25),SPX,c,40.0,0.4,178,0.819935638681213,2024-06-20,2025-07-17
(Jun 25),SPX,c,45.0,0.45,178,0.8356443559922981,2024-06-20,2025-07-17
(Jun 25),SPX,c,50.0,0.5,178,0.8767762519742902,2024-06-20,2025-07-17
(Jun 25),VIX,c,0.1,0.001,142,,2024-09-26,2025-06-17
(Jun 25),VIX,c,0.5,0.005,157,,2024-09-26,2025-06-17
(Jun 25),VIX,c,1.0,0.01,168,,2024-09-26,2025-06-17
(Jun 25),VIX,c,2.0,0.02,171,,2024-09-26,2025-06-17
(Jun 25),VIX,c,5.0,0.05,172,,2024-09-26,2025-06-17
(Jun 25),VIX,c,10.0,0.1,173,,2024-09-26,2025-06-17
(Jun 25),VIX,c,15.0,0.15,174,0.08391851607426509,2024-09-26,2025-06-17
(Jun 25),VIX,c,20.0,0.2,174,0.49269096308581467,2024-09-26,2025-06-17
(Jun 25),VIX,c,25.0,0.25,174,0.6502119463348782,2024-09-26,2025-06-17
(Jun 25),VIX,c,30.0,0.3,174,0.7565766152811388,2024-09-26,2025-06-17
(Jun 25),VIX,c,35.0,0.35,174,0.7507344617256434,2024-09-26,2025-06-17
(Jun 25),VIX,c,40.0,0.4,174,0.7753089730356492,2024-09-26,2025-06-17
(Jun 25),VIX,c,45.0,0.45,174,0.7704252448362124,2024-09-26,2025-06-17
(Jun 25),VIX,c,50.0,0.5,174,0.8007811977214222,2024-09-26,2025-06-17
(Jul 25),SPX,p,0.1,-0.001,177,0.08255821423813216,2024-07-18,2025-08-14
(Jul 25),SPX,p,0.5,-0.005,177,0.4456834212141984,2024-07-18,2025-08-14
(Jul 25),SPX,p,1.0,-0.01,177,0.6936779669240142,2024-07-18,2025-08-14
(Jul 25),SPX,p,2.0,-0.02,177,0.7937805082606726,2024-07-18,2025-08-14
(Jul 25),SPX,p,5.0,-0.05,177,0.8566892576274892,2024-07-18,2025-08-14
(Jul 25),SPX,p,10.0,-0.1,177,0.8539050005321805,2024-07-18,2025-08-14
(Jul 25),SPX,p,15.0,-0.15,177,0.8588054783091827,2024-07-18,2025-08-14
(Jul 25),SPX,p,20.0,-0.2,177,0.8698772553701216,2024-07-18,2025-08-14
(Jul 25),SPX,p,25.0,-0.25,177,0.8919101815934231,2024-07-18,2025-08-14
(Jul 25),SPX,p,30.0,-0.3,177,0.8686691873110797,2024-07-18,2025-08-14
(Jul 25),SPX,p,35.0,-0.35,177,0.8907888107251951,2024-07-18,2025-08-14
(Jul 25),SPX,p,40.0,-0.4,177,0.8892849879481655,2024-07-18,2025-08-14
(Jul 25),SPX,p,45.0,-0.45,177,0.8885804597321894,2024-07-18,2025-08-14
(Jul 25),SPX,p,50.0,-0.5,177,0.8826941758144978,2024-07-18,2025-08-14
(Jul 25),VIX,p,0.1,-0.001,24,,2024-10-24,2025-07-15
(Jul 25),VIX,p,0.5,-0.005,23,,2024-10-24,2025-07-15
(Jul 25),VIX,p,1.0,-0.01,96,,2024-10-24,2025-07-15
(Jul 25),VIX,p,2.0,-0.02,154,,2024-10-24,2025-07-15
(Jul 25),VIX,p,5.0,-0.05,166,,2024-10-24,2025-07-15
(Jul 25),VIX,p,10.0,-0.1,174,,2024-10-24,2025-07-15
(Jul 25),VIX,p,15.0,-0.15,174,0.0705716633665258,2024-10-24,2025-07-15
(Jul 25),VIX,p,20.0,-0.2,174,0.4299893933494793,2024-10-24,2025-07-15
(Jul 25),VIX,p,25.0,-0.25,174,0.48837732954857255,2024-10-24,2025-07-15
(Jul 25),VIX,p,30.0,-0.3,174,0.48766680966195286,2024-10-24,2025-07-15
(Jul 25),VIX,p,35.0,-0.35,174,0.5984698052456892,2024-10-24,2025-07-15
(Jul 25),VIX,p,40.0,-0.4,174,0.5069227591918768,2024-10-24,2025-07-15
(Jul 25),VIX,p,45.0,-0.45,174,0.6617477230550495,2024-10-24,2025-07-15
(Jul 25),VIX,p,50.0,-0.5,174,0.6557096386702466,2024-10-24,2025-07-15
(Jul 25),SPX,c,0.1,0.001,106,,2024-07-18,2025-08-14
(Jul 25),SPX,c,0.5,0.005,177,-0.18048043277092285,2024-07-18,2025-08-14
(Jul 25),SPX,c,1.0,0.01,177,0.13294393424461617,2024-07-18,2025-08-14
(Jul 25),SPX,c,2.0,0.02,177,0.2091082682084177,2024-07-18,2025-08-14
(Jul 25),SPX,c,5.0,0.05,177,0.21903749193893213,2024-07-18,2025-08-14
(Jul 25),SPX,c,10.0,0.1,177,0.23768585719665386,2024-07-18,2025-08-14
(Jul 25),SPX,c,15.0,0.15,177,0.4310971618800697,2024-07-18,2025-08-14
(Jul 25),SPX,c,20.0,0.2,177,0.4686306024825556,2024-07-18,2025-08-14
(Jul 25),SPX,c,25.0,0.25,177,0.5446540668807636,2024-07-18,2025-08-14
(Jul 25),SPX,c,30.0,0.3,177,0.7021597789422552,2024-07-18,2025-08-14
(Jul 25),SPX,c,35.0,0.35,177,0.7844060867467306,2024-07-18,2025-08-14
(Jul 25),SPX,c,40.0,0.4,177,0.8171934157596329,2024-07-18,2025-08-14
(Jul 25),SPX,c,45.0,0.45,177,0.8103221378040706,2024-07-18,2025-08-14
(Jul 25),SPX,c,50.0,0.5,177,0.8498940340233119,2024-07-18,2025-08-14
(Jul 25),VIX,c,0.1,0.001,145,,2024-10-24,2025-07-15
(Jul 25),VIX,c,0.5,0.005,165,,2024-10-24,2025-07-15
(Jul 25),VIX,c,1.0,0.01,173,,2024-10-24,2025-07-15
(Jul 25),VIX,c,2.0,0.02,174,,2024-10-24,2025-07-15
(Jul 25),VIX,c,5.0,0.05,174,,2024-10-24,2025-07-15
(Jul 25),VIX,c,10.0,0.1,174,,2024-10-24,2025-07-15
(Jul 25),VIX,c,15.0,0.15,174,0.15018365001414483,2024-10-24,2025-07-15
(Jul 25),VIX,c,20.0,0.2,174,0.34524869595867386,2024-10-24,2025-07-15
(Jul 25),VIX,c,25.0,0.25,174,0.510724070773438,2024-10-24,2025-07-15
(Jul 25),VIX,c,30.0,0.3,174,0.49384838665847386,2024-10-24,2025-07-15
(Jul 25),VIX,c,35.0,0.35,174,0.5519451480751142,2024-10-24,2025-07-15
(Jul 25),VIX,c,40.0,0.4,174,0.581879498725579,2024-10-24,2025-07-15
(Jul 25),VIX,c,45.0,0.45,174,0.6291247146290693,2024-10-24,2025-07-15
(Jul 25),VIX,c,50.0,0.5,174,0.5721249963684905,2024-10-24,2025-07-15
(Aug 25),SPX,p,0.1,-0.001,178,-0.08226528175301245,2024-06-17,2025-09-18
(Aug 25),SPX,p,0.5,-0.005,178,0.280385154438087,2024-06-17,2025-09-18
(Aug 25),SPX,p,1.0,-0.01,178,0.5397354201847464,2024-06-17,2025-09-18
(Aug 25),SPX,p,2.0,-0.02,178,0.8134216821420193,2024-06-17,2025-09-18
(Aug 25),SPX,p,5.0,-0.05,178,0.8715643415535825,2024-06-17,2025-09-18
(Aug 25),SPX,p,10.0,-0.1,178,0.8803338588728022,2024-06-17,2025-09-18
(Aug 25),SPX,p,15.0,-0.15,178,0.8858891282891559,2024-06-17,2025-09-18
(Aug 25),SPX,p,20.0,-0.2,178,0.8927017885658955,2024-06-17,2025-09-18
(Aug 25),SPX,p,25.0,-0.25,178,0.9043227952922427,2024-06-17,2025-09-18
(Aug 25),SPX,p,30.0,-0.3,178,0.9051331816493282,2024-06-17,2025-09-18
(Aug 25),SPX,p,35.0,-0.35,178,0.90331763189985,2024-06-17,2025-09-18
(Aug 25),SPX,p,40.0,-0.4,178,0.8972869718256373,2024-06-17,2025-09-18
(Aug 25),SPX,p,45.0,-0.45,178,0.9167247360303916,2024-06-17,2025-09-18
(Aug 25),SPX,p,50.0,-0.5,178,0.9065934599586402,2024-06-17,2025-09-18
(Aug 25),VIX,p,0.1,-0.001,30,,2024-11-29,2025-08-19
(Aug 25),VIX,p,0.5,-0.005,28,,2024-11-29,2025-08-19
(Aug 25),VIX,p,1.0,-0.01,102,,2024-11-29,2025-08-19
(Aug 25),VIX,p,2.0,-0.02,151,,2024-11-29,2025-08-19
(Aug 25),VIX,p,5.0,-0.05,168,,2024-11-29,2025-08-19
(Aug 25),VIX,p,10.0,-0.1,174,0.3564287070563285,2024-11-29,2025-08-19
(Aug 25),VIX,p,15.0,-0.15,174,0.34285953653065254,2024-11-29,2025-08-19
(Aug 25),VIX,p,20.0,-0.2,174,0.4810859989388058,2024-11-29,2025-08-19
(Aug 25),VIX,p,25.0,-0.25,174,0.46230590863694787,2024-11-29,2025-08-19
(Aug 25),VIX,p,30.0,-0.3,174,0.5144893095387099,2024-11-29,2025-08-19
(Aug 25),VIX,p,35.0,-0.35,174,0.5460425865880131,2024-11-29,2025-08-19
(Aug 25),VIX,p,40.0,-0.4,174,0.036544525472168236,2024-11-29,2025-08-19
(Aug 25),VIX,p,45.0,-0.45,174,0.686299516008919,2024-11-29,2025-08-19
(Aug 25),VIX,p,50.0,-0.5,174,0.6022732251016739,2024-11-29,2025-08-19
(Aug 25),SPX,c,0.1,0.001,139,,2024-06-17,2025-09-18
(Aug 25),SPX,c,0.5,0.005,178,,2024-06-17,2025-09-18
(Aug 25),SPX,c,1.0,0.01,178,0.12583635690204373,2024-06-17,2025-09-18
(Aug 25),SPX,c,2.0,0.02,178,0.09547551361670482,2024-06-17,2025-09-18
(Aug 25),SPX,c,5.0,0.05,178,0.26349264607702816,2024-06-17,2025-09-18
(Aug 25),SPX,c,10.0,0.1,178,0.39071924280391584,2024-06-17,2025-09-18
(Aug 25),SPX,c,15.0,0.15,178,0.42339873257908867,2024-06-17,2025-09-18
(Aug 25),SPX,c,20.0,0.2,178,0.5592633490447243,2024-06-17,2025-09-18
(Aug 25),SPX,c,25.0,0.25,178,0.6141110024487743,2024-06-17,2025-09-18
(Aug 25),SPX,c,30.0,0.3,178,0.7551676280649546,2024-06-17,2025-09-18
(Aug 25),SPX,c,35.0,0.35,178,0.7963563677688004,2024-06-17,2025-09-18
(Aug 25),SPX,c,40.0,0.4,178,0.8184570722293363,2024-06-17,2025-09-18
(Aug 25),SPX,c,45.0,0.45,178,0.8272756123702075,2024-06-17,2025-09-18
(Aug 25),SPX,c,50.0,0.5,178,0.8518084384224507,2024-06-17,2025-09-18
(Aug 25),VIX,c,0.1,0.001,139,,2024-11-29,2025-08-19
(Aug 25),VIX,c,0.5,0.005,143,,2024-11-29,2025-08-19
(Aug 25),VIX,c,1.0,0.01,172,,2024-11-29,2025-08-19
(Aug 25),VIX,c,2.0,0.02,174,0.10515896397433787,2024-11-29,2025-08-19
(Aug 25),VIX,c,5.0,0.05,174,0.31464513465683625,2024-11-29,2025-08-19
(Aug 25),VIX,c,10.0,0.1,174,0.553951524700087,2024-11-29,2025-08-19
(Aug 25),VIX,c,15.0,0.15,174,0.6075454852706045,2024-11-29,2025-08-19
(Aug 25),VIX,c,20.0,0.2,174,0.5885978866592579,2024-11-29,2025-08-19
(Aug 25),VIX,c,25.0,0.25,174,0.6305066745328396,2024-11-29,2025-08-19
(Aug 25),VIX,c,30.0,0.3,174,0.6727637373007113,2024-11-29,2025-08-19
(Aug 25),VIX,c,35.0,0.35,174,0.6205366276792749,2024-11-29,2025-08-19
(Aug 25),VIX,c,40.0,0.4,174,0.6283704681448956,2024-11-29,2025-08-19
(Aug 25),VIX,c,45.0,0.45,174,0.7647490818897649,2024-11-29,2025-08-19
(Aug 25),VIX,c,50.0,0.5,174,0.7309468738375536,2024-11-29,2025-08-19
(Sep 25),SPX,p,0.1,-0.001,182,-0.2697670290452497,2024-09-19,2025-10-16
(Sep 25),SPX,p,0.5,-0.005,182,0.38162958351836773,2024-09-19,2025-10-16
(Sep 25),SPX,p,1.0,-0.01,182,0.5986129869435834,2024-09-19,2025-10-16
(Sep 25),SPX,p,2.0,-0.02,182,0.7706463042979326,2024-09-19,2025-10-16
(Sep 25),SPX,p,5.0,-0.05,182,0.8750819753231063,2024-09-19,2025-10-16
(Sep 25),SPX,p,10.0,-0.1,182,0.8736964305123369,2024-09-19,2025-10-16
(Sep 25),SPX,p,15.0,-0.15,182,0.8758328886370217,2024-09-19,2025-10-16
(Sep 25),SPX,p,20.0,-0.2,182,0.8724643337442666,2024-09-19,2025-10-16
(Sep 25),SPX,p,25.0,-0.25,182,0.8877679458185149,2024-09-19,2025-10-16
(Sep 25),SPX,p,30.0,-0.3,182,0.905084268185938,2024-09-19,2025-10-16
(Sep 25),SPX,p,35.0,-0.35,182,0.9062323723281831,2024-09-19,2025-10-16
(Sep 25),SPX,p,40.0,-0.4,182,0.9046991473711237,2024-09-19,2025-10-16
(Sep 25),SPX,p,45.0,-0.45,182,0.9006337788407911,2024-09-19,2025-10-16
(Sep 25),SPX,p,50.0,-0.5,182,0.8914767789281475,2024-09-19,2025-10-16
(Sep 25),VIX,p,0.1,-0.001,63,,2024-12-26,2025-09-16
(Sep 25),VIX,p,0.5,-0.005,61,,2024-12-26,2025-09-16
(Sep 25),VIX,p,1.0,-0.01,114,,2024-12-26,2025-09-16
(Sep 25),VIX,p,2.0,-0.02,160,,2024-12-26,2025-09-16
(Sep 25),VIX,p,5.0,-0.05,171,,2024-12-26,2025-09-16
(Sep 25),VIX,p,10.0,-0.1,179,,2024-12-26,2025-09-16
(Sep 25),VIX,p,15.0,-0.15,179,,2024-12-26,2025-09-16
(Sep 25),VIX,p,20.0,-0.2,179,0.16137547736727015,2024-12-26,2025-09-16
(Sep 25),VIX,p,25.0,-0.25,179,0.49035500108255764,2024-12-26,2025-09-16
(Sep 25),VIX,p,30.0,-0.3,179,0.5367212962497648,2024-12-26,2025-09-16
(Sep 25),VIX,p,35.0,-0.35,179,0.40078070295858853,2024-12-26,2025-09-16
(Sep 25),VIX,p,40.0,-0.4,179,-0.01421977880299983,2024-12-26,2025-09-16
(Sep 25),VIX,p,45.0,-0.45,179,0.610636307325441,2024-12-26,2025-09-16
(Sep 25),VIX,p,50.0,-0.5,179,0.5106517212991095,2024-12-26,2025-09-16
(Sep 25),SPX,c,0.1,0.001,79,,2024-09-19,2025-10-16
(Sep 25),SPX,c,0.5,0.005,182,,2024-09-19,2025-10-16
(Sep 25),SPX,c,1.0,0.01,182,0.010318316818866994,2024-09-19,2025-10-16
(Sep 25),SPX,c,2.0,0.02,182,0.2025352571533413,2024-09-19,2025-10-16
(Sep 25),SPX,c,5.0,0.05,182,0.19551826169765507,2024-09-19,2025-10-16
(Sep 25),SPX,c,10.0,0.1,182,0.35300121289427416,2024-09-19,2025-10-16
(Sep 25),SPX,c,15.0,0.15,182,0.41048884284711157,2024-09-19,2025-10-16
(Sep 25),SPX,c,20.0,0.2,182,0.4931031964267186,2024-09-19,2025-10-16
(Sep 25),SPX,c,25.0,0.25,182,0.555401866920994,2024-09-19,2025-10-16
(Sep 25),SPX,c,30.0,0.3,182,0.5742791769999921,2024-09-19,2025-10-16
(Sep 25),SPX,c,35.0,0.35,182,0.7033974700687843,2024-09-19,2025-10-16
(Sep 25),SPX,c,40.0,0.4,182,0.7661364912164842,2024-09-19,2025-10-16
(Sep 25),SPX,c,45.0,0.45,182,0.8144666221054896,2024-09-19,2025-10-16
(Sep 25),SPX,c,50.0,0.5,182,0.8192431735118784,2024-09-19,2025-10-16
(Sep 25),VIX,c,0.1,0.001,131,,2024-12-26,2025-09-16
(Sep 25),VIX,c,0.5,0.005,133,,2024-12-26,2025-09-16
(Sep 25),VIX,c,1.0,0.01,168,,2024-12-26,2025-09-16
(Sep 25),VIX,c,2.0,0.02,177,,2024-12-26,2025-09-16
(Sep 25),VIX,c,5.0,0.05,179,,2024-12-26,2025-09-16
(Sep 25),VIX,c,10.0,0.1,179,,2024-12-26,2025-09-16
(Sep 25),VIX,c,15.0,0.15,179,,2024-12-26,2025-09-16
(Sep 25),VIX,c,20.0,0.2,179,0.05487196956717515,2024-12-26,2025-09-16
(Sep 25),VIX,c,25.0,0.25,179,0.20187788751711191,2024-12-26,2025-09-16
(Sep 25),VIX,c,30.0,0.3,179,0.3448626189740356,2024-12-26,2025-09-16
(Sep 25),VIX,c,35.0,0.35,179,0.47083211009021575,2024-12-26,2025-09-16
(Sep 25),VIX,c,40.0,0.4,179,0.4532437644167311,2024-12-26,2025-09-16
(Sep 25),VIX,c,45.0,0.45,179,0.49785747062036384,2024-12-26,2025-09-16
(Sep 25),VIX,c,50.0,0.5,179,0.5979327749635366,2024-12-26,2025-09-16
(Oct 25),SPX,p,0.1,-0.001,186,,2024-10-17,2025-11-20
(Oct 25),SPX,p,0.5,-0.005,186,0.37721158355024453,2024-10-17,2025-11-20
(Oct 25),SPX,p,1.0,-0.01,186,0.5286443092281808,2024-10-17,2025-11-20
(Oct 25),SPX,p,2.0,-0.02,186,0.745437736938472,2024-10-17,2025-11-20
(Oct 25),SPX,p,5.0,-0.05,186,0.8550617412837264,2024-10-17,2025-11-20
(Oct 25),SPX,p,10.0,-0.1,186,0.8932278062800161,2024-10-17,2025-11-20
(Oct 25),SPX,p,15.0,-0.15,186,0.9193301862009305,2024-10-17,2025-11-20
(Oct 25),SPX,p,20.0,-0.2,186,0.9046043569617171,2024-10-17,2025-11-20
(Oct 25),SPX,p,25.0,-0.25,186,0.9123917390348341,2024-10-17,2025-11-20
(Oct 25),SPX,p,30.0,-0.3,186,0.9128892576144316,2024-10-17,2025-11-20
(Oct 25),SPX,p,35.0,-0.35,186,0.9159036109209098,2024-10-17,2025-11-20
(Oct 25),SPX,p,40.0,-0.4,186,0.9080333320656435,2024-10-17,2025-11-20
(Oct 25),SPX,p,45.0,-0.45,186,0.9087297204978275,2024-10-17,2025-11-20
(Oct 25),SPX,p,50.0,-0.5,186,0.911163356917753,2024-10-17,2025-11-20
(Oct 25),VIX,p,0.1,-0.001,28,,2025-01-30,2025-10-22
(Oct 25),VIX,p,0.5,-0.005,25,,2025-01-30,2025-10-22
(Oct 25),VIX,p,1.0,-0.01,81,,2025-01-30,2025-10-22
(Oct 25),VIX,p,2.0,-0.02,167,,2025-01-30,2025-10-22
(Oct 25),VIX,p,5.0,-0.05,176,,2025-01-30,2025-10-22
(Oct 25),VIX,p,10.0,-0.1,183,,2025-01-30,2025-10-22
(Oct 25),VIX,p,15.0,-0.15,183,,2025-01-30,2025-10-22
(Oct 25),VIX,p,20.0,-0.2,183,,2025-01-30,2025-10-22
(Oct 25),VIX,p,25.0,-0.25,183,0.4649897275027154,2025-01-30,2025-10-22
(Oct 25),VIX,p,30.0,-0.3,183,0.578079826653404,2025-01-30,2025-10-22
(Oct 25),VIX,p,35.0,-0.35,183,0.597353327684479,2025-01-30,2025-10-22
(Oct 25),VIX,p,40.0,-0.4,183,0.06898527557244671,2025-01-30,2025-10-22
(Oct 25),VIX,p,45.0,-0.45,183,0.6313676963108502,2025-01-30,2025-10-22
(Oct 25),VIX,p,50.0,-0.5,183,0.6786904976071167,2025-01-30,2025-10-22
(Oct 25),SPX,c,0.1,0.001,144,,2024-10-17,2025-11-20
(Oct 25),SPX,c,0.5,0.005,186,-0.044864342013113415,2024-10-17,2025-11-20
(Oct 25),SPX,c,1.0,0.01,186,-0.11794627304955697,2024-10-17,2025-11-20
(Oct 25),SPX,c,2.0,0.02,186,0.06774083520936024,2024-10-17,2025-11-20
(Oct 25),SPX,c,5.0,0.05,186,0.18843904245954818,2024-10-17,2025-11-20
(Oct 25),SPX,c,10.0,0.1,186,0.27287585392617486,2024-10-17,2025-11-20
(Oct 25),SPX,c,15.0,0.15,186,0.5414132777180021,2024-10-17,2025-11-20
(Oct 25),SPX,c,20.0,0.2,186,0.5973521907755028,2024-10-17,2025-11-20
(Oct 25),SPX,c,25.0,0.25,186,0.6152825317078313,2024-10-17,2025-11-20
(Oct 25),SPX,c,30.0,0.3,186,0.7443072058537231,2024-10-17,2025-11-20
(Oct 25),SPX,c,35.0,0.35,186,0.7328317687496136,2024-10-17,2025-11-20
(Oct 25),SPX,c,40.0,0.4,186,0.8400824341174024,2024-10-17,2025-11-20
(Oct 25),SPX,c,45.0,0.45,186,0.8491133244388422,2024-10-17,2025-11-20
(Oct 25),SPX,c,50.0,0.5,186,0.8789833708369691,2024-10-17,2025-11-20
(Oct 25),VIX,c,0.1,0.001,147,,2025-01-30,2025-10-22
(Oct 25),VIX,c,0.5,0.005,161,,2025-01-30,2025-10-22
(Oct 25),VIX,c,1.0,0.01,178,,2025-01-30,2025-10-22
(Oct 25),VIX,c,2.0,0.02,179,,2025-01-30,2025-10-22
(Oct 25),VIX,c,5.0,0.05,183,,2025-01-30,2025-10-22
(Oct 25),VIX,c,10.0,0.1,183,,2025-01-30,2025-10-22
(Oct 25),VIX,c,15.0,0.15,183,,2025-01-30,2025-10-22
(Oct 25),VIX,c,20.0,0.2,183,0.12494281388906453,2025-01-30,2025-10-22
(Oct 25),VIX,c,25.0,0.25,183,0.44697909548625386,2025-01-30,2025-10-22
(Oct 25),VIX,c,30.0,0.3,183,0.5579241170313284,2025-01-30,2025-10-22
(Oct 25),VIX,c,35.0,0.35,183,0.6342381455699478,2025-01-30,2025-10-22
(Oct 25),VIX,c,40.0,0.4,183,0.5790756675273484,2025-01-30,2025-10-22
(Oct 25),VIX,c,45.0,0.45,183,0.6472933805189,2025-01-30,2025-10-22
(Oct 25),VIX,c,50.0,0.5,183,0.614824284071432,2025-01-30,2025-10-22
(Nov 25),SPX,p,0.1,-0.001,187,-0.06619011349395958,2023-12-15,2025-12-18
(Nov 25),SPX,p,0.5,-0.005,187,0.2864628407115487,2023-12-15,2025-12-18
(Nov 25),SPX,p,1.0,-0.01,187,0.5797732766087113,2023-12-15,2025-12-18
(Nov 25),SPX,p,2.0,-0.02,187,0.7238579623601108,2023-12-15,2025-12-18
(Nov 25),SPX,p,5.0,-0.05,187,0.8241115011432084,2023-12-15,2025-12-18
(Nov 25),SPX,p,10.0,-0.1,187,0.8638705406919348,2023-12-15,2025-12-18
(Nov 25),SPX,p,15.0,-0.15,187,0.8776292684334472,2023-12-15,2025-12-18
(Nov 25),SPX,p,20.0,-0.2,187,0.8717750298268933,2023-12-15,2025-12-18
(Nov 25),SPX,p,25.0,-0.25,187,0.8726434039074968,2023-12-15,2025-12-18
(Nov 25),SPX,p,30.0,-0.3,187,0.8872027483394448,2023-12-15,2025-12-18
(Nov 25),SPX,p,35.0,-0.35,187,0.8924681453369521,2023-12-15,2025-12-18
(Nov 25),SPX,p,40.0,-0.4,187,0.8780099631361923,2023-12-15,2025-12-18
(Nov 25),SPX,p,45.0,-0.45,187,0.8680698949577382,2023-12-15,2025-12-18
(Nov 25),SPX,p,50.0,-0.5,187,0.8641197621892315,2023-12-15,2025-12-18
(Nov 25),VIX,p,0.1,-0.001,48,,2025-02-27,2025-11-18
(Nov 25),VIX,p,0.5,-0.005,44,,2025-02-27,2025-11-18
(Nov 25),VIX,p,1.0,-0.01,71,,2025-02-27,2025-11-18
(Nov 25),VIX,p,2.0,-0.02,172,,2025-02-27,2025-11-18
(Nov 25),VIX,p,5.0,-0.05,177,,2025-02-27,2025-11-18
(Nov 25),VIX,p,10.0,-0.1,183,,2025-02-27,2025-11-18
(Nov 25),VIX,p,15.0,-0.15,183,,2025-02-27,2025-11-18
(Nov 25),VIX,p,20.0,-0.2,183,-0.005544588617114405,2025-02-27,2025-11-18
(Nov 25),VIX,p,25.0,-0.25,183,0.3581367070715827,2025-02-27,2025-11-18
(Nov 25),VIX,p,30.0,-0.3,183,0.3394282198118807,2025-02-27,2025-11-18
(Nov 25),VIX,p,35.0,-0.35,183,0.5416161436688245,2025-02-27,2025-11-18
(Nov 25),VIX,p,40.0,-0.4,183,0.5465082160513465,2025-02-27,2025-11-18
(Nov 25),VIX,p,45.0,-0.45,183,0.6307753460863893,2025-02-27,2025-11-18
(Nov 25),VIX,p,50.0,-0.5,183,0.5905511297852442,2025-02-27,2025-11-18
(Nov 25),SPX,c,0.1,0.001,174,,2023-12-15,2025-12-18
(Nov 25),SPX,c,0.5,0.005,187,,2023-12-15,2025-12-18
(Nov 25),SPX,c,1.0,0.01,187,-0.02367889372599621,2023-12-15,2025-12-18
(Nov 25),SPX,c,2.0,0.02,187,-0.012698140686753978,2023-12-15,2025-12-18
(Nov 25),SPX,c,5.0,0.05,187,0.3135948555312404,2023-12-15,2025-12-18
(Nov 25),SPX,c,10.0,0.1,187,0.3655730057691266,2023-12-15,2025-12-18
(Nov 25),SPX,c,15.0,0.15,187,0.5341624647797645,2023-12-15,2025-12-18
(Nov 25),SPX,c,20.0,0.2,187,0.5722788794417849,2023-12-15,2025-12-18
(Nov 25),SPX,c,25.0,0.25,187,0.6298391153749797,2023-12-15,2025-12-18
(Nov 25),SPX,c,30.0,0.3,187,0.6909083763863776,2023-12-15,2025-12-18
(Nov 25),SPX,c,35.0,0.35,187,0.7504280583034242,2023-12-15,2025-12-18
(Nov 25),SPX,c,40.0,0.4,187,0.7753118148748035,2023-12-15,2025-12-18
(Nov 25),SPX,c,45.0,0.45,187,0.8072646197168353,2023-12-15,2025-12-18
(Nov 25),SPX,c,50.0,0.5,187,0.8267073478472972,2023-12-15,2025-12-18
(Nov 25),VIX,c,0.1,0.001,159,,2025-02-27,2025-11-18
(Nov 25),VIX,c,0.5,0.005,164,,2025-02-27,2025-11-18
(Nov 25),VIX,c,1.0,0.01,179,,2025-02-27,2025-11-18
(Nov 25),VIX,c,2.0,0.02,182,,2025-02-27,2025-11-18
(Nov 25),VIX,c,5.0,0.05,183,,2025-02-27,2025-11-18
(Nov 25),VIX,c,10.0,0.1,182,,2025-02-27,2025-11-18
(Nov 25),VIX,c,15.0,0.15,183,,2025-02-27,2025-11-18
(Nov 25),VIX,c,20.0,0.2,183,0.25657055012489194,2025-02-27,2025-11-18
(Nov 25),VIX,c,25.0,0.25,183,0.44686301564192976,2025-02-27,2025-11-18
(Nov 25),VIX,c,30.0,0.3,183,0.4421422073635199,2025-02-27,2025-11-18
(Nov 25),VIX,c,35.0,0.35,183,0.48985687257890526,2025-02-27,2025-11-18
(Nov 25),VIX,c,40.0,0.4,183,0.514066548478503,2025-02-27,2025-11-18
(Nov 25),VIX,c,45.0,0.45,183,0.602209139839806,2025-02-27,2025-11-18
(Nov 25),VIX,c,50.0,0.5,183,0.5717360598715412,2025-02-27,2025-11-18
(Dec 25),SPX,p,0.1,-0.001,186,0.01304411205136333,2024-07-03,2026-01-15
(Dec 25),SPX,p,0.5,-0.005,186,0.37354965964315273,2024-07-03,2026-01-15
(Dec 25),SPX,p,1.0,-0.01,186,0.5226058740080028,2024-07-03,2026-01-15
(Dec 25),SPX,p,2.0,-0.02,186,0.7306136337304593,2024-07-03,2026-01-15
(Dec 25),SPX,p,5.0,-0.05,186,0.8357132710911503,2024-07-03,2026-01-15
(Dec 25),SPX,p,10.0,-0.1,186,0.8647996957911179,2024-07-03,2026-01-15
(Dec 25),SPX,p,15.0,-0.15,186,0.8783389846689971,2024-07-03,2026-01-15
(Dec 25),SPX,p,20.0,-0.2,186,0.8581820396807546,2024-07-03,2026-01-15
(Dec 25),SPX,p,25.0,-0.25,186,0.8759403609193716,2024-07-03,2026-01-15
(Dec 25),SPX,p,30.0,-0.3,186,0.8842690197415796,2024-07-03,2026-01-15
(Dec 25),SPX,p,35.0,-0.35,186,0.871374339465407,2024-07-03,2026-01-15
(Dec 25),SPX,p,40.0,-0.4,186,0.8738045506767275,2024-07-03,2026-01-15
(Dec 25),SPX,p,45.0,-0.45,186,0.862425934445997,2024-07-03,2026-01-15
(Dec 25),SPX,p,50.0,-0.5,186,0.8569334249755695,2024-07-03,2026-01-15
(Dec 25),VIX,p,0.1,-0.001,53,,2025-03-27,2025-12-16
(Dec 25),VIX,p,0.5,-0.005,51,,2025-03-27,2025-12-16
(Dec 25),VIX,p,1.0,-0.01,106,,2025-03-27,2025-12-16
(Dec 25),VIX,p,2.0,-0.02,171,,2025-03-27,2025-12-16
(Dec 25),VIX,p,5.0,-0.05,182,,2025-03-27,2025-12-16
(Dec 25),VIX,p,10.0,-0.1,182,,2025-03-27,2025-12-16
(Dec 25),VIX,p,15.0,-0.15,182,,2025-03-27,2025-12-16
(Dec 25),VIX,p,20.0,-0.2,182,,2025-03-27,2025-12-16
(Dec 25),VIX,p,25.0,-0.25,182,0.18029237184756214,2025-03-27,2025-12-16
(Dec 25),VIX,p,30.0,-0.3,182,-0.19500648062773163,2025-03-27,2025-12-16
(Dec 25),VIX,p,35.0,-0.35,182,0.27760389872073044,2025-03-27,2025-12-16
(Dec 25),VIX,p,40.0,-0.4,182,0.10933305997408709,2025-03-27,2025-12-16
(Dec 25),VIX,p,45.0,-0.45,182,0.3197263254822232,2025-03-27,2025-12-16
(Dec 25),VIX,p,50.0,-0.5,182,0.4354381120193633,2025-03-27,2025-12-16
(Dec 25),SPX,c,0.1,0.001,157,,2024-07-03,2026-01-15
(Dec 25),SPX,c,0.5,0.005,186,,2024-07-03,2026-01-15
(Dec 25),SPX,c,1.0,0.01,186,-0.01996314505371086,2024-07-03,2026-01-15
(Dec 25),SPX,c,2.0,0.02,186,0.0637002514140143,2024-07-03,2026-01-15
(Dec 25),SPX,c,5.0,0.05,186,0.1715627401791098,2024-07-03,2026-01-15
(Dec 25),SPX,c,10.0,0.1,186,0.3338947712690748,2024-07-03,2026-01-15
(Dec 25),SPX,c,15.0,0.15,186,0.4411099732217565,2024-07-03,2026-01-15
(Dec 25),SPX,c,20.0,0.2,186,0.4812273824499403,2024-07-03,2026-01-15
(Dec 25),SPX,c,25.0,0.25,186,0.5996102669364917,2024-07-03,2026-01-15
(Dec 25),SPX,c,30.0,0.3,186,0.655205768511586,2024-07-03,2026-01-15
(Dec 25),SPX,c,35.0,0.35,186,0.7253720825544632,2024-07-03,2026-01-15
(Dec 25),SPX,c,40.0,0.4,186,0.8065266022967529,2024-07-03,2026-01-15
(Dec 25),SPX,c,45.0,0.45,186,0.8157644534747392,2024-07-03,2026-01-15
(Dec 25),SPX,c,50.0,0.5,186,0.7849609019900372,2024-07-03,2026-01-15
(Dec 25),VIX,c,0.1,0.001,158,,2025-03-27,2025-12-16
(Dec 25),VIX,c,0.5,0.005,158,,2025-03-27,2025-12-16
(Dec 25),VIX,c,1.0,0.01,174,,2025-03-27,2025-12-16
(Dec 25),VIX,c,2.0,0.02,176,,2025-03-27,2025-12-16
(Dec 25),VIX,c,5.0,0.05,181,,2025-03-27,2025-12-16
(Dec 25),VIX,c,10.0,0.1,179,,2025-03-27,2025-12-16
(Dec 25),VIX,c,15.0,0.15,182,,2025-03-27,2025-12-16
(Dec 25),VIX,c,20.0,0.2,182,,2025-03-27,2025-12-16
(Dec 25),VIX,c,25.0,0.25,182,,2025-03-27,2025-12-16
(Dec 25),VIX,c,30.0,0.3,182,0.10759906498375453,2025-03-27,2025-12-16
(Dec 25),VIX,c,35.0,0.35,182,0.2664664059684861,2025-03-27,2025-12-16
(Dec 25),VIX,c,40.0,0.4,182,,2025-03-27,2025-12-16
(Dec 25),VIX,c,45.0,0.45,182,,2025-03-27,2025-12-16
(Dec 25),VIX,c,50.0,0.5,182,0.33420178444485477,2025-03-27,2025-12-16
(Jan 26),SPX,p,0.1,-0.001,189,0.18239289712499426,2025-01-16,2026-02-19
(Jan 26),SPX,p,0.5,-0.005,189,0.39865808913635387,2025-01-16,2026-02-19
(Jan 26),SPX,p,1.0,-0.01,189,0.45883234055464284,2025-01-16,2026-02-19
(Jan 26),SPX,p,2.0,-0.02,189,0.7267199495802926,2025-01-16,2026-02-19
(Jan 26),SPX,p,5.0,-0.05,189,0.8276405817810798,2025-01-16,2026-02-19
(Jan 26),SPX,p,10.0,-0.1,189,0.8582805868881286,2025-01-16,2026-02-19
(Jan 26),SPX,p,15.0,-0.15,189,0.8780221414893317,2025-01-16,2026-02-19
(Jan 26),SPX,p,20.0,-0.2,189,0.8806558669998193,2025-01-16,2026-02-19
(Jan 26),SPX,p,25.0,-0.25,189,0.8650518520045983,2025-01-16,2026-02-19
(Jan 26),SPX,p,30.0,-0.3,189,0.880351231017947,2025-01-16,2026-02-19
(Jan 26),SPX,p,35.0,-0.35,189,0.8709730143308794,2025-01-16,2026-02-19
(Jan 26),SPX,p,40.0,-0.4,189,0.860840813313377,2025-01-16,2026-02-19
(Jan 26),SPX,p,45.0,-0.45,189,0.8850024413036016,2025-01-16,2026-02-19
(Jan 26),SPX,p,50.0,-0.5,189,0.8703892318797397,2025-01-16,2026-02-19
(Jan 26),VIX,p,0.1,-0.001,30,,2025-04-24,2026-01-20
(Jan 26),VIX,p,0.5,-0.005,19,,2025-04-24,2026-01-20
(Jan 26),VIX,p,1.0,-0.01,50,,2025-04-24,2026-01-20
(Jan 26),VIX,p,2.0,-0.02,163,,2025-04-24,2026-01-20
(Jan 26),VIX,p,5.0,-0.05,182,,2025-04-24,2026-01-20
(Jan 26),VIX,p,10.0,-0.1,185,,2025-04-24,2026-01-20
(Jan 26),VIX,p,15.0,-0.15,185,0.13024158296038438,2025-04-24,2026-01-20
(Jan 26),VIX,p,20.0,-0.2,185,0.20727225195828866,2025-04-24,2026-01-20
(Jan 26),VIX,p,25.0,-0.25,185,0.011411939029962355,2025-04-24,2026-01-20
(Jan 26),VIX,p,30.0,-0.3,185,0.010261767567686458,2025-04-24,2026-01-20
(Jan 26),VIX,p,35.0,-0.35,185,0.11120123640849561,2025-04-24,2026-01-20
(Jan 26),VIX,p,40.0,-0.4,185,0.2858616409489988,2025-04-24,2026-01-20
(Jan 26),VIX,p,45.0,-0.45,185,0.01011577444295119,2025-04-24,2026-01-20
(Jan 26),VIX,p,50.0,-0.5,185,0.18994672526922268,2025-04-24,2026-01-20
(Jan 26),SPX,c,0.1,0.001,145,,2025-01-16,2026-02-19
(Jan 26),SPX,c,0.5,0.005,189,-0.08874205207903878,2025-01-16,2026-02-19
(Jan 26),SPX,c,1.0,0.01,189,-0.03665712854819414,2025-01-16,2026-02-19
(Jan 26),SPX,c,2.0,0.02,189,-0.03691875909200931,2025-01-16,2026-02-19
(Jan 26),SPX,c,5.0,0.05,189,0.08751129499424806,2025-01-16,2026-02-19
(Jan 26),SPX,c,10.0,0.1,189,0.19382988678969262,2025-01-16,2026-02-19
(Jan 26),SPX,c,15.0,0.15,189,0.3949838590469013,2025-01-16,2026-02-19
(Jan 26),SPX,c,20.0,0.2,189,0.5311403778819284,2025-01-16,2026-02-19
(Jan 26),SPX,c,25.0,0.25,189,0.6259722540434725,2025-01-16,2026-02-19
(Jan 26),SPX,c,30.0,0.3,189,0.6372712142744124,2025-01-16,2026-02-19
(Jan 26),SPX,c,35.0,0.35,189,0.7130711123723789,2025-01-16,2026-02-19
(Jan 26),SPX,c,40.0,0.4,189,0.7819876806772424,2025-01-16,2026-02-19
(Jan 26),SPX,c,45.0,0.45,189,0.8057455909008556,2025-01-16,2026-02-19
(Jan 26),SPX,c,50.0,0.5,189,0.7744610913034756,2025-01-16,2026-02-19
(Jan 26),VIX,c,0.1,0.001,154,,2025-04-24,2026-01-20
(Jan 26),VIX,c,0.5,0.005,158,,2025-04-24,2026-01-20
(Jan 26),VIX,c,1.0,0.01,179,,2025-04-24,2026-01-20
(Jan 26),VIX,c,2.0,0.02,182,,2025-04-24,2026-01-20
(Jan 26),VIX,c,5.0,0.05,180,,2025-04-24,2026-01-20
(Jan 26),VIX,c,10.0,0.1,184,,2025-04-24,2026-01-20
(Jan 26),VIX,c,15.0,0.15,185,0.005957897274075111,2025-04-24,2026-01-20
(Jan 26),VIX,c,20.0,0.2,185,0.010665772887012303,2025-04-24,2026-01-20
(Jan 26),VIX,c,25.0,0.25,185,0.01008787136862908,2025-04-24,2026-01-20
(Jan 26),VIX,c,30.0,0.3,185,0.027225644862050483,2025-04-24,2026-01-20
(Jan 26),VIX,c,35.0,0.35,185,0.04759359367522361,2025-04-24,2026-01-20
(Jan 26),VIX,c,40.0,0.4,185,0.3114290822678559,2025-04-24,2026-01-20
(Jan 26),VIX,c,45.0,0.45,185,0.01997907548472735,2025-04-24,2026-01-20
(Jan 26),VIX,c,50.0,0.5,185,0.011017704007075252,2025-04-24,2026-01-20
(Feb 26),SPX,p,0.1,-0.001,183,0.12996481762145218,2024-11-25,2026-03-19
(Feb 26),SPX,p,0.5,-0.005,183,0.3535861062719114,2024-11-25,2026-03-19
(Feb 26),SPX,p,1.0,-0.01,183,0.6710745335733509,2024-11-25,2026-03-19
(Feb 26),SPX,p,2.0,-0.02,183,0.801936057185227,2024-11-25,2026-03-19
(Feb 26),SPX,p,5.0,-0.05,183,0.867093431955895,2024-11-25,2026-03-19
(Feb 26),SPX,p,10.0,-0.1,183,0.8878739175994423,2024-11-25,2026-03-19
(Feb 26),SPX,p,15.0,-0.15,183,0.8983793805073957,2024-11-25,2026-03-19
(Feb 26),SPX,p,20.0,-0.2,183,0.899368449935146,2024-11-25,2026-03-19
(Feb 26),SPX,p,25.0,-0.25,183,0.8994712661794535,2024-11-25,2026-03-19
(Feb 26),SPX,p,30.0,-0.3,183,0.9014581093716079,2024-11-25,2026-03-19
(Feb 26),SPX,p,35.0,-0.35,183,0.9117197090124196,2024-11-25,2026-03-19
(Feb 26),SPX,p,40.0,-0.4,183,0.9109745058103073,2024-11-25,2026-03-19
(Feb 26),SPX,p,45.0,-0.45,183,0.8874004772455648,2024-11-25,2026-03-19
(Feb 26),SPX,p,50.0,-0.5,183,0.8868242668261112,2024-11-25,2026-03-19
(Feb 26),VIX,p,0.1,-0.001,16,,2025-05-29,2026-02-17
(Feb 26),VIX,p,0.5,-0.005,11,,2025-05-29,2026-02-17
(Feb 26),VIX,p,1.0,-0.01,28,,2025-05-29,2026-02-17
(Feb 26),VIX,p,2.0,-0.02,148,,2025-05-29,2026-02-17
(Feb 26),VIX,p,5.0,-0.05,180,,2025-05-29,2026-02-17
(Feb 26),VIX,p,10.0,-0.1,180,0.25584195042225544,2025-05-29,2026-02-17
(Feb 26),VIX,p,15.0,-0.15,180,0.4173065394946847,2025-05-29,2026-02-17
(Feb 26),VIX,p,20.0,-0.2,180,0.5631051534884075,2025-05-29,2026-02-17
(Feb 26),VIX,p,25.0,-0.25,180,0.41776713708337126,2025-05-29,2026-02-17
(Feb 26),VIX,p,30.0,-0.3,180,0.6072606535056745,2025-05-29,2026-02-17
(Feb 26),VIX,p,35.0,-0.35,180,0.6682182662446342,2025-05-29,2026-02-17
(Feb 26),VIX,p,40.0,-0.4,180,0.727717133459578,2025-05-29,2026-02-17
(Feb 26),VIX,p,45.0,-0.45,180,0.7038109313614754,2025-05-29,2026-02-17
(Feb 26),VIX,p,50.0,-0.5,180,0.6538486983724738,2025-05-29,2026-02-17
(Feb 26),SPX,c,0.1,0.001,163,,2024-11-25,2026-03-19
(Feb 26),SPX,c,0.5,0.005,183,-0.055808926006169705,2024-11-25,2026-03-19
(Feb 26),SPX,c,1.0,0.01,183,-0.005061005930462268,2024-11-25,2026-03-19
(Feb 26),SPX,c,2.0,0.02,183,0.08649144070546591,2024-11-25,2026-03-19
(Feb 26),SPX,c,5.0,0.05,183,0.10244582717207835,2024-11-25,2026-03-19
(Feb 26),SPX,c,10.0,0.1,183,0.2597850836062643,2024-11-25,2026-03-19
(Feb 26),SPX,c,15.0,0.15,183,0.3803201990412037,2024-11-25,2026-03-19
(Feb 26),SPX,c,20.0,0.2,183,0.5365328050148925,2024-11-25,2026-03-19
(Feb 26),SPX,c,25.0,0.25,183,0.6081918003815279,2024-11-25,2026-03-19
(Feb 26),SPX,c,30.0,0.3,183,0.6762441537976901,2024-11-25,2026-03-19
(Feb 26),SPX,c,35.0,0.35,183,0.7554401517960097,2024-11-25,2026-03-19
(Feb 26),SPX,c,40.0,0.4,183,0.7715067513989036,2024-11-25,2026-03-19
(Feb 26),SPX,c,45.0,0.45,183,0.8147108024471692,2024-11-25,2026-03-19
(Feb 26),SPX,c,50.0,0.5,183,0.8227430781805902,2024-11-25,2026-03-19
(Feb 26),VIX,c,0.1,0.001,149,,2025-05-29,2026-02-17
(Feb 26),VIX,c,0.5,0.005,150,,2025-05-29,2026-02-17
(Feb 26),VIX,c,1.0,0.01,175,,2025-05-29,2026-02-17
(Feb 26),VIX,c,2.0,0.02,178,,2025-05-29,2026-02-17
(Feb 26),VIX,c,5.0,0.05,180,,2025-05-29,2026-02-17
(Feb 26),VIX,c,10.0,0.1,180,0.042139721495349176,2025-05-29,2026-02-17
(Feb 26),VIX,c,15.0,0.15,180,0.08762360744421296,2025-05-29,2026-02-17
(Feb 26),VIX,c,20.0,0.2,180,0.44434216705653706,2025-05-29,2026-02-17
(Feb 26),VIX,c,25.0,0.25,180,0.5389676897303209,2025-05-29,2026-02-17
(Feb 26),VIX,c,30.0,0.3,180,0.6133092212802912,2025-05-29,2026-02-17
(Feb 26),VIX,c,35.0,0.35,180,0.6421059628028827,2025-05-29,2026-02-17
(Feb 26),VIX,c,40.0,0.4,180,0.7111700862160397,2025-05-29,2026-02-17
(Feb 26),VIX,c,45.0,0.45,180,0.7073281777971903,2025-05-29,2026-02-17
(Feb 26),VIX,c,50.0,0.5,180,0.7195356165721079,2025-05-29,2026-02-17
(Mar 26),SPX,p,0.1,-0.001,185,0.12587408363809477,2025-03-20,2026-04-14
(Mar 26),SPX,p,0.5,-0.005,185,0.49376188123012776,2025-03-20,2026-04-14
(Mar 26),SPX,p,1.0,-0.01,185,0.5860242436734578,2025-03-20,2026-04-14
(Mar 26),SPX,p,2.0,-0.02,185,0.7899637547021798,2025-03-20,2026-04-14
(Mar 26),SPX,p,5.0,-0.05,185,0.8566439004794045,2025-03-20,2026-04-14
(Mar 26),SPX,p,10.0,-0.1,185,0.8730972921299197,2025-03-20,2026-04-14
(Mar 26),SPX,p,15.0,-0.15,185,0.8625765133595231,2025-03-20,2026-04-14
(Mar 26),SPX,p,20.0,-0.2,185,0.8889373020375153,2025-03-20,2026-04-14
(Mar 26),SPX,p,25.0,-0.25,185,0.8878814260654678,2025-03-20,2026-04-14
(Mar 26),SPX,p,30.0,-0.3,185,0.8920523193710893,2025-03-20,2026-04-14
(Mar 26),SPX,p,35.0,-0.35,185,0.8972698513183781,2025-03-20,2026-04-14
(Mar 26),SPX,p,40.0,-0.4,185,0.8861522010432771,2025-03-20,2026-04-14
(Mar 26),SPX,p,45.0,-0.45,185,0.8780910980790112,2025-03-20,2026-04-14
(Mar 26),SPX,p,50.0,-0.5,185,0.8770130298416707,2025-03-20,2026-04-14
(Mar 26),VIX,p,0.1,-0.001,8,,2025-06-26,2026-03-17
(Mar 26),VIX,p,0.5,-0.005,6,,2025-06-26,2026-03-17
(Mar 26),VIX,p,1.0,-0.01,25,,2025-06-26,2026-03-17
(Mar 26),VIX,p,2.0,-0.02,164,,2025-06-26,2026-03-17
(Mar 26),VIX,p,5.0,-0.05,181,,2025-06-26,2026-03-17
(Mar 26),VIX,p,10.0,-0.1,181,0.10488546884197944,2025-06-26,2026-03-17
(Mar 26),VIX,p,15.0,-0.15,181,0.4718603640562428,2025-06-26,2026-03-17
(Mar 26),VIX,p,20.0,-0.2,181,0.5281821923268628,2025-06-26,2026-03-17
(Mar 26),VIX,p,25.0,-0.25,181,0.5290411835269991,2025-06-26,2026-03-17
(Mar 26),VIX,p,30.0,-0.3,181,0.5586666346542396,2025-06-26,2026-03-17
(Mar 26),VIX,p,35.0,-0.35,181,0.6691601477747278,2025-06-26,2026-03-17
(Mar 26),VIX,p,40.0,-0.4,181,0.7208215471836821,2025-06-26,2026-03-17
(Mar 26),VIX,p,45.0,-0.45,181,0.7016280051048981,2025-06-26,2026-03-17
(Mar 26),VIX,p,50.0,-0.5,181,0.7601345347312126,2025-06-26,2026-03-17
(Mar 26),SPX,c,0.1,0.001,171,,2025-03-20,2026-04-14
(Mar 26),SPX,c,0.5,0.005,185,0.032676705126096765,2025-03-20,2026-04-14
(Mar 26),SPX,c,1.0,0.01,185,0.02829703768632248,2025-03-20,2026-04-14
(Mar 26),SPX,c,2.0,0.02,185,0.08640111611877328,2025-03-20,2026-04-14
(Mar 26),SPX,c,5.0,0.05,185,0.08836558684098504,2025-03-20,2026-04-14
(Mar 26),SPX,c,10.0,0.1,185,0.287474149024778,2025-03-20,2026-04-14
(Mar 26),SPX,c,15.0,0.15,185,0.2597200475946962,2025-03-20,2026-04-14
(Mar 26),SPX,c,20.0,0.2,185,0.37356825983037223,2025-03-20,2026-04-14
(Mar 26),SPX,c,25.0,0.25,185,0.6250305971735949,2025-03-20,2026-04-14
(Mar 26),SPX,c,30.0,0.3,185,0.6933589546140244,2025-03-20,2026-04-14
(Mar 26),SPX,c,35.0,0.35,185,0.7603528011998758,2025-03-20,2026-04-14
(Mar 26),SPX,c,40.0,0.4,185,0.7603981443497523,2025-03-20,2026-04-14
(Mar 26),SPX,c,45.0,0.45,185,0.8039832358171306,2025-03-20,2026-04-14
(Mar 26),SPX,c,50.0,0.5,185,0.8090435121149436,2025-03-20,2026-04-14
(Mar 26),VIX,c,0.1,0.001,155,,2025-06-26,2026-03-17
(Mar 26),VIX,c,0.5,0.005,158,,2025-06-26,2026-03-17
(Mar 26),VIX,c,1.0,0.01,179,,2025-06-26,2026-03-17
(Mar 26),VIX,c,2.0,0.02,181,,2025-06-26,2026-03-17
(Mar 26),VIX,c,5.0,0.05,181,,2025-06-26,2026-03-17
(Mar 26),VIX,c,10.0,0.1,181,0.21456133667953017,2025-06-26,2026-03-17
(Mar 26),VIX,c,15.0,0.15,181,0.47219603601654664,2025-06-26,2026-03-17
(Mar 26),VIX,c,20.0,0.2,181,0.5586390750040094,2025-06-26,2026-03-17
(Mar 26),VIX,c,25.0,0.25,181,0.6562765062700004,2025-06-26,2026-03-17
(Mar 26),VIX,c,30.0,0.3,181,0.7638622102663342,2025-06-26,2026-03-17
(Mar 26),VIX,c,35.0,0.35,181,0.782400592723283,2025-06-26,2026-03-17
(Mar 26),VIX,c,40.0,0.4,181,0.7640047106913213,2025-06-26,2026-03-17
(Mar 26),VIX,c,45.0,0.45,181,0.7125809910738062,2025-06-26,2026-03-17
(Mar 26),VIX,c,50.0,0.5,181,0.7298267256897237,2025-06-26,2026-03-17
(Apr 26),SPX,p,0.1,-0.001,184,0.1158428538267263,2025-04-17,2026-04-14
(Apr 26),SPX,p,0.5,-0.005,184,0.32798381363390317,2025-04-17,2026-04-14
(Apr 26),SPX,p,1.0,-0.01,184,0.652531254487657,2025-04-17,2026-04-14
(Apr 26),SPX,p,2.0,-0.02,184,0.8455469797986651,2025-04-17,2026-04-14
(Apr 26),SPX,p,5.0,-0.05,184,0.8779992624263502,2025-04-17,2026-04-14
(Apr 26),SPX,p,10.0,-0.1,184,0.8840176668034341,2025-04-17,2026-04-14
(Apr 26),SPX,p,15.0,-0.15,184,0.8827921024156603,2025-04-17,2026-04-14
(Apr 26),SPX,p,20.0,-0.2,184,0.8921263569547012,2025-04-17,2026-04-14
(Apr 26),SPX,p,25.0,-0.25,184,0.8908258073591867,2025-04-17,2026-04-14
(Apr 26),SPX,p,30.0,-0.3,184,0.9041106708003556,2025-04-17,2026-04-14
(Apr 26),SPX,p,35.0,-0.35,184,0.896866046492513,2025-04-17,2026-04-14
(Apr 26),SPX,p,40.0,-0.4,184,0.8971473897486762,2025-04-17,2026-04-14
(Apr 26),SPX,p,45.0,-0.45,184,0.8918713556713628,2025-04-17,2026-04-14
(Apr 26),SPX,p,50.0,-0.5,184,0.9025994503137627,2025-04-17,2026-04-14
(Apr 26),VIX,p,0.1,-0.001,7,,2025-07-24,2026-04-14
(Apr 26),VIX,p,0.5,-0.005,6,,2025-07-24,2026-04-14
(Apr 26),VIX,p,1.0,-0.01,30,,2025-07-24,2026-04-14
(Apr 26),VIX,p,2.0,-0.02,170,,2025-07-24,2026-04-14
(Apr 26),VIX,p,5.0,-0.05,172,,2025-07-24,2026-04-14
(Apr 26),VIX,p,10.0,-0.1,180,,2025-07-24,2026-04-14
(Apr 26),VIX,p,15.0,-0.15,181,0.3641474169140423,2025-07-24,2026-04-14
(Apr 26),VIX,p,20.0,-0.2,181,0.44152695788652935,2025-07-24,2026-04-14
(Apr 26),VIX,p,25.0,-0.25,181,0.6112806302391806,2025-07-24,2026-04-14
(Apr 26),VIX,p,30.0,-0.3,181,0.5886339331965093,2025-07-24,2026-04-14
(Apr 26),VIX,p,35.0,-0.35,181,0.647939162739506,2025-07-24,2026-04-14
(Apr 26),VIX,p,40.0,-0.4,181,0.5771960185772089,2025-07-24,2026-04-14
(Apr 26),VIX,p,45.0,-0.45,181,0.6857803095776281,2025-07-24,2026-04-14
(Apr 26),VIX,p,50.0,-0.5,181,0.7213258130436846,2025-07-24,2026-04-14
(Apr 26),SPX,c,0.1,0.001,175,,2025-04-17,2026-04-14
(Apr 26),SPX,c,0.5,0.005,184,-0.14359475437159167,2025-04-17,2026-04-14
(Apr 26),SPX,c,1.0,0.01,184,0.013480519673981395,2025-04-17,2026-04-14
(Apr 26),SPX,c,2.0,0.02,184,0.0400010793775143,2025-04-17,2026-04-14
(Apr 26),SPX,c,5.0,0.05,184,0.14503013637414325,2025-04-17,2026-04-14
(Apr 26),SPX,c,10.0,0.1,184,0.30080350817908486,2025-04-17,2026-04-14
(Apr 26),SPX,c,15.0,0.15,184,0.3423187690715324,2025-04-17,2026-04-14
(Apr 26),SPX,c,20.0,0.2,184,0.45330052386222375,2025-04-17,2026-04-14
(Apr 26),SPX,c,25.0,0.25,184,0.6457830530840521,2025-04-17,2026-04-14
(Apr 26),SPX,c,30.0,0.3,184,0.7658958725945608,2025-04-17,2026-04-14
(Apr 26),SPX,c,35.0,0.35,184,0.8118142678880963,2025-04-17,2026-04-14
(Apr 26),SPX,c,40.0,0.4,184,0.8242903188962328,2025-04-17,2026-04-14
(Apr 26),SPX,c,45.0,0.45,184,0.8273390489822439,2025-04-17,2026-04-14
(Apr 26),SPX,c,50.0,0.5,184,0.8487339444738707,2025-04-17,2026-04-14
(Apr 26),VIX,c,0.1,0.001,167,,2025-07-24,2026-04-14
(Apr 26),VIX,c,0.5,0.005,166,,2025-07-24,2026-04-14
(Apr 26),VIX,c,1.0,0.01,177,,2025-07-24,2026-04-14
(Apr 26),VIX,c,2.0,0.02,177,,2025-07-24,2026-04-14
(Apr 26),VIX,c,5.0,0.05,177,,2025-07-24,2026-04-14
(Apr 26),VIX,c,10.0,0.1,181,0.03318792423417797,2025-07-24,2026-04-14
(Apr 26),VIX,c,15.0,0.15,181,0.29524834478152107,2025-07-24,2026-04-14
(Apr 26),VIX,c,20.0,0.2,181,0.46036540551393473,2025-07-24,2026-04-14
(Apr 26),VIX,c,25.0,0.25,181,0.5497247224265314,2025-07-24,2026-04-14
(Apr 26),VIX,c,30.0,0.3,181,0.7130219253940785,2025-07-24,2026-04-14
(Apr 26),VIX,c,35.0,0.35,181,0.6524529735972159,2025-07-24,2026-04-14
(Apr 26),VIX,c,40.0,0.4,181,0.6573955197250804,2025-07-24,2026-04-14
(Apr 26),VIX,c,45.0,0.45,181,0.6715467363138715,2025-07-24,2026-04-14
(Apr 26),VIX,c,50.0,0.5,181,0.7455815361978834,2025-07-24,2026-04-14
(May 26),SPX,p,0.1,-0.001,159,-0.15497439376436922,2024-06-20,2026-04-14
(May 26),SPX,p,0.5,-0.005,159,0.36994817246737044,2024-06-20,2026-04-14
(May 26),SPX,p,1.0,-0.01,159,0.633113618572941,2024-06-20,2026-04-14
(May 26),SPX,p,2.0,-0.02,159,0.8380441812304901,2024-06-20,2026-04-14
(May 26),SPX,p,5.0,-0.05,159,0.8886204655010952,2024-06-20,2026-04-14
(May 26),SPX,p,10.0,-0.1,159,0.88717484577704,2024-06-20,2026-04-14
(May 26),SPX,p,15.0,-0.15,159,0.8969281760544673,2024-06-20,2026-04-14
(May 26),SPX,p,20.0,-0.2,159,0.8966579988798983,2024-06-20,2026-04-14
(May 26),SPX,p,25.0,-0.25,159,0.8963072008516593,2024-06-20,2026-04-14
(May 26),SPX,p,30.0,-0.3,159,0.9089763325808902,2024-06-20,2026-04-14
(May 26),SPX,p,35.0,-0.35,159,0.9015000455261771,2024-06-20,2026-04-14
(May 26),SPX,p,40.0,-0.4,159,0.9042745420478943,2024-06-20,2026-04-14
(May 26),SPX,p,45.0,-0.45,159,0.9050816763827488,2024-06-20,2026-04-14
(May 26),SPX,p,50.0,-0.5,159,0.8974706739608412,2024-06-20,2026-04-14
(May 26),VIX,p,0.1,-0.001,0,,2025-08-28,2026-04-14
(May 26),VIX,p,0.5,-0.005,0,,2025-08-28,2026-04-14
(May 26),VIX,p,1.0,-0.01,9,,2025-08-28,2026-04-14
(May 26),VIX,p,2.0,-0.02,119,,2025-08-28,2026-04-14
(May 26),VIX,p,5.0,-0.05,138,,2025-08-28,2026-04-14
(May 26),VIX,p,10.0,-0.1,154,,2025-08-28,2026-04-14
(May 26),VIX,p,15.0,-0.15,156,0.03983809752693224,2025-08-28,2026-04-14
(May 26),VIX,p,20.0,-0.2,156,0.23065189250434062,2025-08-28,2026-04-14
(May 26),VIX,p,25.0,-0.25,156,0.33934668416697206,2025-08-28,2026-04-14
(May 26),VIX,p,30.0,-0.3,156,0.39425148581244684,2025-08-28,2026-04-14
(May 26),VIX,p,35.0,-0.35,156,0.3918105740771785,2025-08-28,2026-04-14
(May 26),VIX,p,40.0,-0.4,156,0.39818987724623334,2025-08-28,2026-04-14
(May 26),VIX,p,45.0,-0.45,156,0.4839888484879386,2025-08-28,2026-04-14
(May 26),VIX,p,50.0,-0.5,156,0.5463972034484583,2025-08-28,2026-04-14
(May 26),SPX,c,0.1,0.001,159,,2024-06-20,2026-04-14
(May 26),SPX,c,0.5,0.005,159,0.05161301213475624,2024-06-20,2026-04-14
(May 26),SPX,c,1.0,0.01,159,0.00551579789111614,2024-06-20,2026-04-14
(May 26),SPX,c,2.0,0.02,159,0.12052945998185845,2024-06-20,2026-04-14
(May 26),SPX,c,5.0,0.05,159,0.10820103674378362,2024-06-20,2026-04-14
(May 26),SPX,c,10.0,0.1,159,0.18395748124979613,2024-06-20,2026-04-14
(May 26),SPX,c,15.0,0.15,159,0.3257768113498891,2024-06-20,2026-04-14
(May 26),SPX,c,20.0,0.2,159,0.4230695768451702,2024-06-20,2026-04-14
(May 26),SPX,c,25.0,0.25,159,0.4588616968037752,2024-06-20,2026-04-14
(May 26),SPX,c,30.0,0.3,159,0.7066555982826768,2024-06-20,2026-04-14
(May 26),SPX,c,35.0,0.35,159,0.8000855211606179,2024-06-20,2026-04-14
(May 26),SPX,c,40.0,0.4,159,0.8284045127981782,2024-06-20,2026-04-14
(May 26),SPX,c,45.0,0.45,159,0.8224894864475351,2024-06-20,2026-04-14
(May 26),SPX,c,50.0,0.5,159,0.8352076734152936,2024-06-20,2026-04-14
(May 26),VIX,c,0.1,0.001,155,,2025-08-28,2026-04-14
(May 26),VIX,c,0.5,0.005,155,,2025-08-28,2026-04-14
(May 26),VIX,c,1.0,0.01,156,,2025-08-28,2026-04-14
(May 26),VIX,c,2.0,0.02,156,,2025-08-28,2026-04-14
(May 26),VIX,c,5.0,0.05,156,,2025-08-28,2026-04-14
(May 26),VIX,c,10.0,0.1,156,,2025-08-28,2026-04-14
(May 26),VIX,c,15.0,0.15,156,0.04661878553060241,2025-08-28,2026-04-14
(May 26),VIX,c,20.0,0.2,156,0.24527144132626497,2025-08-28,2026-04-14
(May 26),VIX,c,25.0,0.25,156,0.2820431507106025,2025-08-28,2026-04-14
(May 26),VIX,c,30.0,0.3,156,0.3558758250253547,2025-08-28,2026-04-14
(May 26),VIX,c,35.0,0.35,156,0.4631808228207429,2025-08-28,2026-04-14
(May 26),VIX,c,40.0,0.4,156,0.534245948657659,2025-08-28,2026-04-14
(May 26),VIX,c,45.0,0.45,156,0.5891537960601437,2025-08-28,2026-04-14
(May 26),VIX,c,50.0,0.5,156,0.5209177633542069,2025-08-28,2026-04-14
(Jun 26),SPX,p,0.1,-0.001,140,-0.1802084506916881,2025-06-18,2026-04-14
(Jun 26),SPX,p,0.5,-0.005,140,0.20032433341928604,2025-06-18,2026-04-14
(Jun 26),SPX,p,1.0,-0.01,140,0.4182994087413231,2025-06-18,2026-04-14
(Jun 26),SPX,p,2.0,-0.02,140,0.715510249385043,2025-06-18,2026-04-14
(Jun 26),SPX,p,5.0,-0.05,140,0.8591552238964764,2025-06-18,2026-04-14
(Jun 26),SPX,p,10.0,-0.1,140,0.8596476990273304,2025-06-18,2026-04-14
(Jun 26),SPX,p,15.0,-0.15,140,0.8668944053675737,2025-06-18,2026-04-14
(Jun 26),SPX,p,20.0,-0.2,140,0.8968837991574271,2025-06-18,2026-04-14
(Jun 26),SPX,p,25.0,-0.25,140,0.8963486193064926,2025-06-18,2026-04-14
(Jun 26),SPX,p,30.0,-0.3,140,0.8869764208928539,2025-06-18,2026-04-14
(Jun 26),SPX,p,35.0,-0.35,140,0.9006235745967183,2025-06-18,2026-04-14
(Jun 26),SPX,p,40.0,-0.4,140,0.8911701319542883,2025-06-18,2026-04-14
(Jun 26),SPX,p,45.0,-0.45,140,0.9043637688932542,2025-06-18,2026-04-14
(Jun 26),SPX,p,50.0,-0.5,140,0.9020964044696723,2025-06-18,2026-04-14
(Jun 26),VIX,p,0.1,-0.001,0,,2025-09-25,2026-04-14
(Jun 26),VIX,p,0.5,-0.005,0,,2025-09-25,2026-04-14
(Jun 26),VIX,p,1.0,-0.01,11,,2025-09-25,2026-04-14
(Jun 26),VIX,p,2.0,-0.02,114,,2025-09-25,2026-04-14
(Jun 26),VIX,p,5.0,-0.05,136,,2025-09-25,2026-04-14
(Jun 26),VIX,p,10.0,-0.1,137,0.035710798909750055,2025-09-25,2026-04-14
(Jun 26),VIX,p,15.0,-0.15,137,0.2706503348879823,2025-09-25,2026-04-14
(Jun 26),VIX,p,20.0,-0.2,137,0.2193531503945507,2025-09-25,2026-04-14
(Jun 26),VIX,p,25.0,-0.25,137,0.2308416698260737,2025-09-25,2026-04-14
(Jun 26),VIX,p,30.0,-0.3,137,0.44247783982750066,2025-09-25,2026-04-14
(Jun 26),VIX,p,35.0,-0.35,137,0.4460887187103092,2025-09-25,2026-04-14
(Jun 26),VIX,p,40.0,-0.4,137,0.5106632806881527,2025-09-25,2026-04-14
(Jun 26),VIX,p,45.0,-0.45,137,0.503941893091186,2025-09-25,2026-04-14
(Jun 26),VIX,p,50.0,-0.5,137,0.5353044707825463,2025-09-25,2026-04-14
(Jun 26),SPX,c,0.1,0.001,140,,2025-06-18,2026-04-14
(Jun 26),SPX,c,0.5,0.005,140,-0.12826745264442815,2025-06-18,2026-04-14
(Jun 26),SPX,c,1.0,0.01,140,0.02453994117569113,2025-06-18,2026-04-14
(Jun 26),SPX,c,2.0,0.02,140,0.02550720143601894,2025-06-18,2026-04-14
(Jun 26),SPX,c,5.0,0.05,140,0.09073336050778086,2025-06-18,2026-04-14
(Jun 26),SPX,c,10.0,0.1,140,0.2974242011951094,2025-06-18,2026-04-14
(Jun 26),SPX,c,15.0,0.15,140,0.31149049843778154,2025-06-18,2026-04-14
(Jun 26),SPX,c,20.0,0.2,140,0.4179949387567166,2025-06-18,2026-04-14
(Jun 26),SPX,c,25.0,0.25,140,0.43813634287134506,2025-06-18,2026-04-14
(Jun 26),SPX,c,30.0,0.3,140,0.6166216196947616,2025-06-18,2026-04-14
(Jun 26),SPX,c,35.0,0.35,140,0.7029200182360676,2025-06-18,2026-04-14
(Jun 26),SPX,c,40.0,0.4,140,0.7674787391498,2025-06-18,2026-04-14
(Jun 26),SPX,c,45.0,0.45,140,0.7958585771615756,2025-06-18,2026-04-14
(Jun 26),SPX,c,50.0,0.5,140,0.8171966879435243,2025-06-18,2026-04-14
(Jun 26),VIX,c,0.1,0.001,137,0.007202977573523428,2025-09-25,2026-04-14
(Jun 26),VIX,c,0.5,0.005,137,0.007202977573523428,2025-09-25,2026-04-14
(Jun 26),VIX,c,1.0,0.01,137,0.007202977573523428,2025-09-25,2026-04-14
(Jun 26),VIX,c,2.0,0.02,137,0.009804009487636593,2025-09-25,2026-04-14
(Jun 26),VIX,c,5.0,0.05,137,,2025-09-25,2026-04-14
(Jun 26),VIX,c,10.0,0.1,137,0.17159138856255096,2025-09-25,2026-04-14
(Jun 26),VIX,c,15.0,0.15,137,0.18039652944232074,2025-09-25,2026-04-14
(Jun 26),VIX,c,20.0,0.2,137,0.32905925453530643,2025-09-25,2026-04-14
(Jun 26),VIX,c,25.0,0.25,137,0.36716775814770986,2025-09-25,2026-04-14
(Jun 26),VIX,c,30.0,0.3,137,0.48626333342811173,2025-09-25,2026-04-14
(Jun 26),VIX,c,35.0,0.35,137,0.6183426872802451,2025-09-25,2026-04-14
(Jun 26),VIX,c,40.0,0.4,137,0.6229710063423808,2025-09-25,2026-04-14
(Jun 26),VIX,c,45.0,0.45,137,0.5718643792977139,2025-09-25,2026-04-14
(Jun 26),VIX,c,50.0,0.5,137,0.5288704234174302,2025-09-25,2026-04-14
(Jul 26),SPX,p,0.1,-0.001,110,-0.10704241297069722,2025-07-17,2026-04-14
(Jul 26),SPX,p,0.5,-0.005,110,0.002763815603917949,2025-07-17,2026-04-14
(Jul 26),SPX,p,1.0,-0.01,110,0.5379580567040523,2025-07-17,2026-04-14
(Jul 26),SPX,p,2.0,-0.02,110,0.572275453958642,2025-07-17,2026-04-14
(Jul 26),SPX,p,5.0,-0.05,110,0.8013334170003844,2025-07-17,2026-04-14
(Jul 26),SPX,p,10.0,-0.1,110,0.8521286946811473,2025-07-17,2026-04-14
(Jul 26),SPX,p,15.0,-0.15,110,0.8501005372285525,2025-07-17,2026-04-14
(Jul 26),SPX,p,20.0,-0.2,110,0.8615882025199342,2025-07-17,2026-04-14
(Jul 26),SPX,p,25.0,-0.25,110,0.8564348399179486,2025-07-17,2026-04-14
(Jul 26),SPX,p,30.0,-0.3,110,0.8881763497412544,2025-07-17,2026-04-14
(Jul 26),SPX,p,35.0,-0.35,110,0.8804175816469664,2025-07-17,2026-04-14
(Jul 26),SPX,p,40.0,-0.4,110,0.8914444197235032,2025-07-17,2026-04-14
(Jul 26),SPX,p,45.0,-0.45,110,0.8607160977887512,2025-07-17,2026-04-14
(Jul 26),SPX,p,50.0,-0.5,110,0.889966643558092,2025-07-17,2026-04-14
(Jul 26),VIX,p,0.1,-0.001,2,,2025-10-30,2026-04-14
(Jul 26),VIX,p,0.5,-0.005,2,,2025-10-30,2026-04-14
(Jul 26),VIX,p,1.0,-0.01,34,,2025-10-30,2026-04-14
(Jul 26),VIX,p,2.0,-0.02,102,,2025-10-30,2026-04-14
(Jul 26),VIX,p,5.0,-0.05,109,,2025-10-30,2026-04-14
(Jul 26),VIX,p,10.0,-0.1,110,,2025-10-30,2026-04-14
(Jul 26),VIX,p,15.0,-0.15,110,0.22636213391967364,2025-10-30,2026-04-14
(Jul 26),VIX,p,20.0,-0.2,110,0.25396231905448974,2025-10-30,2026-04-14
(Jul 26),VIX,p,25.0,-0.25,110,0.14863584275408642,2025-10-30,2026-04-14
(Jul 26),VIX,p,30.0,-0.3,110,0.250437712397833,2025-10-30,2026-04-14
(Jul 26),VIX,p,35.0,-0.35,110,0.38393969079377943,2025-10-30,2026-04-14
(Jul 26),VIX,p,40.0,-0.4,110,0.42576676995913026,2025-10-30,2026-04-14
(Jul 26),VIX,p,45.0,-0.45,110,0.4036289336497447,2025-10-30,2026-04-14
(Jul 26),VIX,p,50.0,-0.5,110,0.47649456952060754,2025-10-30,2026-04-14
(Jul 26),SPX,c,0.1,0.001,110,-0.13691173353505884,2025-07-17,2026-04-14
(Jul 26),SPX,c,0.5,0.005,110,-0.02240705281314716,2025-07-17,2026-04-14
(Jul 26),SPX,c,1.0,0.01,110,-0.05072309166949882,2025-07-17,2026-04-14
(Jul 26),SPX,c,2.0,0.02,110,-0.0028762469756733176,2025-07-17,2026-04-14
(Jul 26),SPX,c,5.0,0.05,110,0.1081947474141156,2025-07-17,2026-04-14
(Jul 26),SPX,c,10.0,0.1,110,0.22600511488370192,2025-07-17,2026-04-14
(Jul 26),SPX,c,15.0,0.15,110,0.3213029003318801,2025-07-17,2026-04-14
(Jul 26),SPX,c,20.0,0.2,110,0.5669150055746451,2025-07-17,2026-04-14
(Jul 26),SPX,c,25.0,0.25,110,0.6129273017680835,2025-07-17,2026-04-14
(Jul 26),SPX,c,30.0,0.3,110,0.6253432820292593,2025-07-17,2026-04-14
(Jul 26),SPX,c,35.0,0.35,110,0.6532514395885209,2025-07-17,2026-04-14
(Jul 26),SPX,c,40.0,0.4,110,0.7356357747869744,2025-07-17,2026-04-14
(Jul 26),SPX,c,45.0,0.45,110,0.7780418933685534,2025-07-17,2026-04-14
(Jul 26),SPX,c,50.0,0.5,110,0.7972349537843908,2025-07-17,2026-04-14
(Jul 26),VIX,c,0.1,0.001,110,0.3225131493813766,2025-10-30,2026-04-14
(Jul 26),VIX,c,0.5,0.005,110,0.3225131493813766,2025-10-30,2026-04-14
(Jul 26),VIX,c,1.0,0.01,110,0.3225131493813766,2025-10-30,2026-04-14
(Jul 26),VIX,c,2.0,0.02,110,0.3150934940578508,2025-10-30,2026-04-14
(Jul 26),VIX,c,5.0,0.05,110,0.17864151709202938,2025-10-30,2026-04-14
(Jul 26),VIX,c,10.0,0.1,110,0.10365271645952837,2025-10-30,2026-04-14
(Jul 26),VIX,c,15.0,0.15,110,0.03322422886508122,2025-10-30,2026-04-14
(Jul 26),VIX,c,20.0,0.2,110,0.17572733895206377,2025-10-30,2026-04-14
(Jul 26),VIX,c,25.0,0.25,110,0.12317649125451532,2025-10-30,2026-04-14
(Jul 26),VIX,c,30.0,0.3,110,0.25351630316918233,2025-10-30,2026-04-14
(Jul 26),VIX,c,35.0,0.35,110,0.3141869936084345,2025-10-30,2026-04-14
(Jul 26),VIX,c,40.0,0.4,110,0.32930026439524257,2025-10-30,2026-04-14
(Jul 26),VIX,c,45.0,0.45,110,0.4081589657050915,2025-10-30,2026-04-14
(Jul 26),VIX,c,50.0,0.5,110,0.3961984700032914,2025-10-30,2026-04-14
(Aug 26),SPX,p,0.1,-0.001,94,0.03586794228076133,2025-05-07,2026-04-14
(Aug 26),SPX,p,0.5,-0.005,94,0.28788278530422134,2025-05-07,2026-04-14
(Aug 26),SPX,p,1.0,-0.01,94,0.4148698233785015,2025-05-07,2026-04-14
(Aug 26),SPX,p,2.0,-0.02,94,0.7050383454137401,2025-05-07,2026-04-14
(Aug 26),SPX,p,5.0,-0.05,94,0.7981777924928788,2025-05-07,2026-04-14
(Aug 26),SPX,p,10.0,-0.1,94,0.7808191630155631,2025-05-07,2026-04-14
(Aug 26),SPX,p,15.0,-0.15,94,0.788794489308341,2025-05-07,2026-04-14
(Aug 26),SPX,p,20.0,-0.2,94,0.7742892183462757,2025-05-07,2026-04-14
(Aug 26),SPX,p,25.0,-0.25,94,0.815459755911203,2025-05-07,2026-04-14
(Aug 26),SPX,p,30.0,-0.3,94,0.8497640207095726,2025-05-07,2026-04-14
(Aug 26),SPX,p,35.0,-0.35,94,0.8331081143543998,2025-05-07,2026-04-14
(Aug 26),SPX,p,40.0,-0.4,94,0.8287309851665963,2025-05-07,2026-04-14
(Aug 26),SPX,p,45.0,-0.45,94,0.8363852793234776,2025-05-07,2026-04-14
(Aug 26),SPX,p,50.0,-0.5,94,0.8553818986269407,2025-05-07,2026-04-14
(Aug 26),VIX,p,0.1,-0.001,4,,2025-11-28,2026-04-14
(Aug 26),VIX,p,0.5,-0.005,4,,2025-11-28,2026-04-14
(Aug 26),VIX,p,1.0,-0.01,24,,2025-11-28,2026-04-14
(Aug 26),VIX,p,2.0,-0.02,82,,2025-11-28,2026-04-14
(Aug 26),VIX,p,5.0,-0.05,92,,2025-11-28,2026-04-14
(Aug 26),VIX,p,10.0,-0.1,92,0.015558895713211713,2025-11-28,2026-04-14
(Aug 26),VIX,p,15.0,-0.15,92,0.2358375010329011,2025-11-28,2026-04-14
(Aug 26),VIX,p,20.0,-0.2,92,0.33704064249462645,2025-11-28,2026-04-14
(Aug 26),VIX,p,25.0,-0.25,92,0.24619187374187804,2025-11-28,2026-04-14
(Aug 26),VIX,p,30.0,-0.3,92,0.29301075346523786,2025-11-28,2026-04-14
(Aug 26),VIX,p,35.0,-0.35,92,0.1896208773890408,2025-11-28,2026-04-14
(Aug 26),VIX,p,40.0,-0.4,92,0.3633629979822429,2025-11-28,2026-04-14
(Aug 26),VIX,p,45.0,-0.45,92,0.4248294401998075,2025-11-28,2026-04-14
(Aug 26),VIX,p,50.0,-0.5,92,0.43518154084423033,2025-11-28,2026-04-14
(Aug 26),SPX,c,0.1,0.001,94,,2025-05-07,2026-04-14
(Aug 26),SPX,c,0.5,0.005,94,0.07037668709840635,2025-05-07,2026-04-14
(Aug 26),SPX,c,1.0,0.01,94,0.026939488810359447,2025-05-07,2026-04-14
(Aug 26),SPX,c,2.0,0.02,94,0.14869379425393023,2025-05-07,2026-04-14
(Aug 26),SPX,c,5.0,0.05,94,0.0628640090825252,2025-05-07,2026-04-14
(Aug 26),SPX,c,10.0,0.1,94,0.13388603013550227,2025-05-07,2026-04-14
(Aug 26),SPX,c,15.0,0.15,94,0.28393855884164715,2025-05-07,2026-04-14
(Aug 26),SPX,c,20.0,0.2,94,0.34281911979935953,2025-05-07,2026-04-14
(Aug 26),SPX,c,25.0,0.25,94,0.6084661598046904,2025-05-07,2026-04-14
(Aug 26),SPX,c,30.0,0.3,94,0.5739877055734072,2025-05-07,2026-04-14
(Aug 26),SPX,c,35.0,0.35,94,0.6681499767205535,2025-05-07,2026-04-14
(Aug 26),SPX,c,40.0,0.4,94,0.7110614032639974,2025-05-07,2026-04-14
(Aug 26),SPX,c,45.0,0.45,94,0.7133477313258719,2025-05-07,2026-04-14
(Aug 26),SPX,c,50.0,0.5,94,0.7726511664142153,2025-05-07,2026-04-14
(Aug 26),VIX,c,0.1,0.001,90,,2025-11-28,2026-04-14
(Aug 26),VIX,c,0.5,0.005,90,,2025-11-28,2026-04-14
(Aug 26),VIX,c,1.0,0.01,90,,2025-11-28,2026-04-14
(Aug 26),VIX,c,2.0,0.02,91,,2025-11-28,2026-04-14
(Aug 26),VIX,c,5.0,0.05,92,,2025-11-28,2026-04-14
(Aug 26),VIX,c,10.0,0.1,92,0.007178398046612164,2025-11-28,2026-04-14
(Aug 26),VIX,c,15.0,0.15,92,-0.023150570469596676,2025-11-28,2026-04-14
(Aug 26),VIX,c,20.0,0.2,92,0.1824472233281328,2025-11-28,2026-04-14
(Aug 26),VIX,c,25.0,0.25,92,0.22029858512638062,2025-11-28,2026-04-14
(Aug 26),VIX,c,30.0,0.3,92,0.34154365329330444,2025-11-28,2026-04-14
(Aug 26),VIX,c,35.0,0.35,92,0.45111565341648885,2025-11-28,2026-04-14
(Aug 26),VIX,c,40.0,0.4,92,0.21454681160723313,2025-11-28,2026-04-14
(Aug 26),VIX,c,45.0,0.45,92,0.42283671079826224,2025-11-28,2026-04-14
(Aug 26),VIX,c,50.0,0.5,92,0.4441610734893949,2025-11-28,2026-04-14
(Sep 26),SPX,p,0.1,-0.001,73,-0.17924727879101507,2025-09-18,2026-04-14
(Sep 26),SPX,p,0.5,-0.005,73,-0.005786789293273831,2025-09-18,2026-04-14
(Sep 26),SPX,p,1.0,-0.01,73,0.2411358216028027,2025-09-18,2026-04-14
(Sep 26),SPX,p,2.0,-0.02,73,0.31160304744435496,2025-09-18,2026-04-14
(Sep 26),SPX,p,5.0,-0.05,73,0.6365326959524571,2025-09-18,2026-04-14
(Sep 26),SPX,p,10.0,-0.1,73,0.7837105220273978,2025-09-18,2026-04-14
(Sep 26),SPX,p,15.0,-0.15,73,0.7816633014630602,2025-09-18,2026-04-14
(Sep 26),SPX,p,20.0,-0.2,73,0.8237971058955917,2025-09-18,2026-04-14
(Sep 26),SPX,p,25.0,-0.25,73,0.8198126072358422,2025-09-18,2026-04-14
(Sep 26),SPX,p,30.0,-0.3,73,0.8404345935141899,2025-09-18,2026-04-14
(Sep 26),SPX,p,35.0,-0.35,73,0.838510509364429,2025-09-18,2026-04-14
(Sep 26),SPX,p,40.0,-0.4,73,0.8201237654187651,2025-09-18,2026-04-14
(Sep 26),SPX,p,45.0,-0.45,73,0.8090792851801369,2025-09-18,2026-04-14
(Sep 26),SPX,p,50.0,-0.5,73,0.825211203259809,2025-09-18,2026-04-14
(Sep 26),VIX,p,0.1,-0.001,6,,2025-12-26,2026-04-14
(Sep 26),VIX,p,0.5,-0.005,4,,2025-12-26,2026-04-14
(Sep 26),VIX,p,1.0,-0.01,15,,2025-12-26,2026-04-14
(Sep 26),VIX,p,2.0,-0.02,73,,2025-12-26,2026-04-14
(Sep 26),VIX,p,5.0,-0.05,73,,2025-12-26,2026-04-14
(Sep 26),VIX,p,10.0,-0.1,73,0.18852621918954915,2025-12-26,2026-04-14
(Sep 26),VIX,p,15.0,-0.15,73,0.030239251947174944,2025-12-26,2026-04-14
(Sep 26),VIX,p,20.0,-0.2,73,0.2249172355832849,2025-12-26,2026-04-14
(Sep 26),VIX,p,25.0,-0.25,73,0.27134493267303866,2025-12-26,2026-04-14
(Sep 26),VIX,p,30.0,-0.3,73,0.36028613090136064,2025-12-26,2026-04-14
(Sep 26),VIX,p,35.0,-0.35,73,0.21996044524446762,2025-12-26,2026-04-14
(Sep 26),VIX,p,40.0,-0.4,73,0.5155084040939719,2025-12-26,2026-04-14
(Sep 26),VIX,p,45.0,-0.45,73,0.21149311527780104,2025-12-26,2026-04-14
(Sep 26),VIX,p,50.0,-0.5,73,0.5838028146678689,2025-12-26,2026-04-14
(Sep 26),SPX,c,0.1,0.001,73,,2025-09-18,2026-04-14
(Sep 26),SPX,c,0.5,0.005,73,-0.009950309169835598,2025-09-18,2026-04-14
(Sep 26),SPX,c,1.0,0.01,73,0.007595888281949865,2025-09-18,2026-04-14
(Sep 26),SPX,c,2.0,0.02,73,0.10668555096681957,2025-09-18,2026-04-14
(Sep 26),SPX,c,5.0,0.05,73,0.14832535892662152,2025-09-18,2026-04-14
(Sep 26),SPX,c,10.0,0.1,73,0.11553169658932246,2025-09-18,2026-04-14
(Sep 26),SPX,c,15.0,0.15,73,0.30700369501910024,2025-09-18,2026-04-14
(Sep 26),SPX,c,20.0,0.2,73,0.4356367422408237,2025-09-18,2026-04-14
(Sep 26),SPX,c,25.0,0.25,73,0.5484200508746538,2025-09-18,2026-04-14
(Sep 26),SPX,c,30.0,0.3,73,0.5060106213815416,2025-09-18,2026-04-14
(Sep 26),SPX,c,35.0,0.35,73,0.5833761010583969,2025-09-18,2026-04-14
(Sep 26),SPX,c,40.0,0.4,73,0.6492051498856735,2025-09-18,2026-04-14
(Sep 26),SPX,c,45.0,0.45,73,0.6600879316061086,2025-09-18,2026-04-14
(Sep 26),SPX,c,50.0,0.5,73,0.7637044045107995,2025-09-18,2026-04-14
(Sep 26),VIX,c,0.1,0.001,71,,2025-12-26,2026-04-14
(Sep 26),VIX,c,0.5,0.005,71,,2025-12-26,2026-04-14
(Sep 26),VIX,c,1.0,0.01,71,,2025-12-26,2026-04-14
(Sep 26),VIX,c,2.0,0.02,69,,2025-12-26,2026-04-14
(Sep 26),VIX,c,5.0,0.05,73,-0.08795565402755907,2025-12-26,2026-04-14
(Sep 26),VIX,c,10.0,0.1,73,0.021775238687139285,2025-12-26,2026-04-14
(Sep 26),VIX,c,15.0,0.15,73,-0.14156764866191193,2025-12-26,2026-04-14
(Sep 26),VIX,c,20.0,0.2,73,-0.09477503421363175,2025-12-26,2026-04-14
(Sep 26),VIX,c,25.0,0.25,73,0.26745481708656854,2025-12-26,2026-04-14
(Sep 26),VIX,c,30.0,0.3,73,0.38565482365417425,2025-12-26,2026-04-14
(Sep 26),VIX,c,35.0,0.35,73,0.4376622988162111,2025-12-26,2026-04-14
(Sep 26),VIX,c,40.0,0.4,73,0.5251129479134924,2025-12-26,2026-04-14
(Sep 26),VIX,c,45.0,0.45,73,0.3123769857038751,2025-12-26,2026-04-14
(Sep 26),VIX,c,50.0,0.5,73,0.4674179451979303,2025-12-26,2026-04-14
(Oct 26),SPX,p,0.1,-0.001,53,-0.009391853671551773,2025-10-16,2026-04-14
(Oct 26),SPX,p,0.5,-0.005,53,0.2545620865663498,2025-10-16,2026-04-14
(Oct 26),SPX,p,1.0,-0.01,53,0.33973674165964435,2025-10-16,2026-04-14
(Oct 26),SPX,p,2.0,-0.02,53,0.3251045795032569,2025-10-16,2026-04-14
(Oct 26),SPX,p,5.0,-0.05,53,0.6032963259919407,2025-10-16,2026-04-14
(Oct 26),SPX,p,10.0,-0.1,53,0.7488236317845263,2025-10-16,2026-04-14
(Oct 26),SPX,p,15.0,-0.15,53,0.7715754783434992,2025-10-16,2026-04-14
(Oct 26),SPX,p,20.0,-0.2,53,0.7036888598085344,2025-10-16,2026-04-14
(Oct 26),SPX,p,25.0,-0.25,53,0.7630075443960932,2025-10-16,2026-04-14
(Oct 26),SPX,p,30.0,-0.3,53,0.8164346749483722,2025-10-16,2026-04-14
(Oct 26),SPX,p,35.0,-0.35,53,0.8473555402508797,2025-10-16,2026-04-14
(Oct 26),SPX,p,40.0,-0.4,53,0.8068176253480867,2025-10-16,2026-04-14
(Oct 26),SPX,p,45.0,-0.45,53,0.828084921108283,2025-10-16,2026-04-14
(Oct 26),SPX,p,50.0,-0.5,53,0.7998908364673651,2025-10-16,2026-04-14
(Oct 26),VIX,p,0.1,-0.001,2,,2026-01-29,2026-04-14
(Oct 26),VIX,p,0.5,-0.005,2,,2026-01-29,2026-04-14
(Oct 26),VIX,p,1.0,-0.01,4,,2026-01-29,2026-04-14
(Oct 26),VIX,p,2.0,-0.02,27,,2026-01-29,2026-04-14
(Oct 26),VIX,p,5.0,-0.05,50,,2026-01-29,2026-04-14
(Oct 26),VIX,p,10.0,-0.1,51,0.20331897731703083,2026-01-29,2026-04-14
(Oct 26),VIX,p,15.0,-0.15,51,0.1551184121254055,2026-01-29,2026-04-14
(Oct 26),VIX,p,20.0,-0.2,51,0.2581861309329131,2026-01-29,2026-04-14
(Oct 26),VIX,p,25.0,-0.25,51,0.36369780067490604,2026-01-29,2026-04-14
(Oct 26),VIX,p,30.0,-0.3,51,0.2733484796869502,2026-01-29,2026-04-14
(Oct 26),VIX,p,35.0,-0.35,51,0.19314152657034053,2026-01-29,2026-04-14
(Oct 26),VIX,p,40.0,-0.4,51,0.49627732043840894,2026-01-29,2026-04-14
(Oct 26),VIX,p,45.0,-0.45,51,0.24671513118003377,2026-01-29,2026-04-14
(Oct 26),VIX,p,50.0,-0.5,51,0.314827486130627,2026-01-29,2026-04-14
(Oct 26),SPX,c,0.1,0.001,53,-0.556926576235462,2025-10-16,2026-04-14
(Oct 26),SPX,c,0.5,0.005,53,-0.13425256789762302,2025-10-16,2026-04-14
(Oct 26),SPX,c,1.0,0.01,53,0.2692447513805533,2025-10-16,2026-04-14
(Oct 26),SPX,c,2.0,0.02,53,0.060926426367730255,2025-10-16,2026-04-14
(Oct 26),SPX,c,5.0,0.05,53,0.028536217306471552,2025-10-16,2026-04-14
(Oct 26),SPX,c,10.0,0.1,53,-0.04345707344158944,2025-10-16,2026-04-14
(Oct 26),SPX,c,15.0,0.15,53,0.21892423055922924,2025-10-16,2026-04-14
(Oct 26),SPX,c,20.0,0.2,53,0.4709951140620669,2025-10-16,2026-04-14
(Oct 26),SPX,c,25.0,0.25,53,0.5204401864699998,2025-10-16,2026-04-14
(Oct 26),SPX,c,30.0,0.3,53,0.5720778902031985,2025-10-16,2026-04-14
(Oct 26),SPX,c,35.0,0.35,53,0.5634955912718974,2025-10-16,2026-04-14
(Oct 26),SPX,c,40.0,0.4,53,0.6978659663014467,2025-10-16,2026-04-14
(Oct 26),SPX,c,45.0,0.45,53,0.688467639223645,2025-10-16,2026-04-14
(Oct 26),SPX,c,50.0,0.5,53,0.7469258872014916,2025-10-16,2026-04-14
(Oct 26),VIX,c,0.1,0.001,41,,2026-01-29,2026-04-14
(Oct 26),VIX,c,0.5,0.005,41,,2026-01-29,2026-04-14
(Oct 26),VIX,c,1.0,0.01,41,,2026-01-29,2026-04-14
(Oct 26),VIX,c,2.0,0.02,41,,2026-01-29,2026-04-14
(Oct 26),VIX,c,5.0,0.05,51,,2026-01-29,2026-04-14
(Oct 26),VIX,c,10.0,0.1,51,-0.17157120375179163,2026-01-29,2026-04-14
(Oct 26),VIX,c,15.0,0.15,51,-0.07342571622021347,2026-01-29,2026-04-14
(Oct 26),VIX,c,20.0,0.2,51,0.03749370584288739,2026-01-29,2026-04-14
(Oct 26),VIX,c,25.0,0.25,51,0.30992274187901,2026-01-29,2026-04-14
(Oct 26),VIX,c,30.0,0.3,51,0.4424136149557374,2026-01-29,2026-04-14
(Oct 26),VIX,c,35.0,0.35,51,0.3756187581217985,2026-01-29,2026-04-14
(Oct 26),VIX,c,40.0,0.4,51,0.2937909060990712,2026-01-29,2026-04-14
(Oct 26),VIX,c,45.0,0.45,51,0.25536530564969456,2026-01-29,2026-04-14
(Oct 26),VIX,c,50.0,0.5,51,0.2577912475994616,2026-01-29,2026-04-14
(Nov 26),SPX,p,0.1,-0.001,30,-0.12247686495707223,2023-12-15,2026-04-14
(Nov 26),SPX,p,0.5,-0.005,30,-0.08306441704600387,2023-12-15,2026-04-14
(Nov 26),SPX,p,1.0,-0.01,30,0.21273096212318995,2023-12-15,2026-04-14
(Nov 26),SPX,p,2.0,-0.02,30,-0.0934729899958527,2023-12-15,2026-04-14
(Nov 26),SPX,p,5.0,-0.05,30,0.7730909875900057,2023-12-15,2026-04-14
(Nov 26),SPX,p,10.0,-0.1,30,0.7391966830387313,2023-12-15,2026-04-14
(Nov 26),SPX,p,15.0,-0.15,30,0.787981209072993,2023-12-15,2026-04-14
(Nov 26),SPX,p,20.0,-0.2,30,0.6632786407542774,2023-12-15,2026-04-14
(Nov 26),SPX,p,25.0,-0.25,30,0.7776151255102092,2023-12-15,2026-04-14
(Nov 26),SPX,p,30.0,-0.3,30,0.6939423012571745,2023-12-15,2026-04-14
(Nov 26),SPX,p,35.0,-0.35,30,0.8143088454062298,2023-12-15,2026-04-14
(Nov 26),SPX,p,40.0,-0.4,30,0.7706483192112792,2023-12-15,2026-04-14
(Nov 26),SPX,p,45.0,-0.45,30,0.7569011304071993,2023-12-15,2026-04-14
(Nov 26),SPX,p,50.0,-0.5,30,0.8035320918154226,2023-12-15,2026-04-14
(Nov 26),VIX,p,0.1,-0.001,11,,2026-02-26,2026-04-14
(Nov 26),VIX,p,0.5,-0.005,11,,2026-02-26,2026-04-14
(Nov 26),VIX,p,1.0,-0.01,10,,2026-02-26,2026-04-14
(Nov 26),VIX,p,2.0,-0.02,17,,2026-02-26,2026-04-14
(Nov 26),VIX,p,5.0,-0.05,29,,2026-02-26,2026-04-14
(Nov 26),VIX,p,10.0,-0.1,29,0.06521523756140364,2026-02-26,2026-04-14
(Nov 26),VIX,p,15.0,-0.15,29,0.29203888893682184,2026-02-26,2026-04-14
(Nov 26),VIX,p,20.0,-0.2,29,0.3962949270221358,2026-02-26,2026-04-14
(Nov 26),VIX,p,25.0,-0.25,29,0.2039855510234973,2026-02-26,2026-04-14
(Nov 26),VIX,p,30.0,-0.3,29,0.09770889877583085,2026-02-26,2026-04-14
(Nov 26),VIX,p,35.0,-0.35,29,0.39819100509816086,2026-02-26,2026-04-14
(Nov 26),VIX,p,40.0,-0.4,29,0.5271050450665312,2026-02-26,2026-04-14
(Nov 26),VIX,p,45.0,-0.45,29,0.28869448911819284,2026-02-26,2026-04-14
(Nov 26),VIX,p,50.0,-0.5,29,-0.025519525974162877,2026-02-26,2026-04-14
(Nov 26),SPX,c,0.1,0.001,30,,2023-12-15,2026-04-14
(Nov 26),SPX,c,0.5,0.005,30,0.07115736401390274,2023-12-15,2026-04-14
(Nov 26),SPX,c,1.0,0.01,30,0.41527526929099506,2023-12-15,2026-04-14
(Nov 26),SPX,c,2.0,0.02,30,-0.08686758638439743,2023-12-15,2026-04-14
(Nov 26),SPX,c,5.0,0.05,30,0.1283114907934574,2023-12-15,2026-04-14
(Nov 26),SPX,c,10.0,0.1,30,0.244221829299507,2023-12-15,2026-04-14
(Nov 26),SPX,c,15.0,0.15,30,0.5227514332336869,2023-12-15,2026-04-14
(Nov 26),SPX,c,20.0,0.2,30,0.3885742984613757,2023-12-15,2026-04-14
(Nov 26),SPX,c,25.0,0.25,30,0.4222288960083918,2023-12-15,2026-04-14
(Nov 26),SPX,c,30.0,0.3,30,0.5716308250086372,2023-12-15,2026-04-14
(Nov 26),SPX,c,35.0,0.35,30,0.5667035533696547,2023-12-15,2026-04-14
(Nov 26),SPX,c,40.0,0.4,30,0.7121805897041967,2023-12-15,2026-04-14
(Nov 26),SPX,c,45.0,0.45,30,0.7512915176145256,2023-12-15,2026-04-14
(Nov 26),SPX,c,50.0,0.5,30,0.6888679562812089,2023-12-15,2026-04-14
(Nov 26),VIX,c,0.1,0.001,24,,2026-02-26,2026-04-14
(Nov 26),VIX,c,0.5,0.005,24,,2026-02-26,2026-04-14
(Nov 26),VIX,c,1.0,0.01,24,,2026-02-26,2026-04-14
(Nov 26),VIX,c,2.0,0.02,23,,2026-02-26,2026-04-14
(Nov 26),VIX,c,5.0,0.05,28,,2026-02-26,2026-04-14
(Nov 26),VIX,c,10.0,0.1,29,0.05947654863137079,2026-02-26,2026-04-14
(Nov 26),VIX,c,15.0,0.15,29,0.005104380506123257,2026-02-26,2026-04-14
(Nov 26),VIX,c,20.0,0.2,29,0.056322257969651214,2026-02-26,2026-04-14
(Nov 26),VIX,c,25.0,0.25,29,0.053880773494826124,2026-02-26,2026-04-14
(Nov 26),VIX,c,30.0,0.3,29,0.2643221368900821,2026-02-26,2026-04-14
(Nov 26),VIX,c,35.0,0.35,29,0.27916505764904526,2026-02-26,2026-04-14
(Nov 26),VIX,c,40.0,0.4,29,0.1992005926159088,2026-02-26,2026-04-14
(Nov 26),VIX,c,45.0,0.45,29,0.05389701905432361,2026-02-26,2026-04-14
(Nov 26),VIX,c,50.0,0.5,29,0.2684615893973091,2026-02-26,2026-04-14
(Dec 26),SPX,p,0.1,-0.001,13,-0.5381094992087568,2025-09-18,2026-04-14
(Dec 26),SPX,p,0.5,-0.005,13,-0.28784096983665824,2025-09-18,2026-04-14
(Dec 26),SPX,p,1.0,-0.01,13,-0.20876573894596323,2025-09-18,2026-04-14
(Dec 26),SPX,p,2.0,-0.02,13,0.5858247506806195,2025-09-18,2026-04-14
(Dec 26),SPX,p,5.0,-0.05,13,0.49569580918125483,2025-09-18,2026-04-14
(Dec 26),SPX,p,10.0,-0.1,13,0.7869818290965,2025-09-18,2026-04-14
(Dec 26),SPX,p,15.0,-0.15,13,0.8680029925501497,2025-09-18,2026-04-14
(Dec 26),SPX,p,20.0,-0.2,13,0.7876625622425886,2025-09-18,2026-04-14
(Dec 26),SPX,p,25.0,-0.25,13,0.7410674036046684,2025-09-18,2026-04-14
(Dec 26),SPX,p,30.0,-0.3,13,0.7590646390704108,2025-09-18,2026-04-14
(Dec 26),SPX,p,35.0,-0.35,13,0.7804830569953072,2025-09-18,2026-04-14
(Dec 26),SPX,p,40.0,-0.4,13,0.6978115368298569,2025-09-18,2026-04-14
(Dec 26),SPX,p,45.0,-0.45,13,0.8228909366910213,2025-09-18,2026-04-14
(Dec 26),SPX,p,50.0,-0.5,13,0.8415876020017227,2025-09-18,2026-04-14
(Dec 26),VIX,p,0.1,-0.001,1,,2026-03-26,2026-04-14
(Dec 26),VIX,p,0.5,-0.005,1,,2026-03-26,2026-04-14
(Dec 26),VIX,p,1.0,-0.01,1,,2026-03-26,2026-04-14
(Dec 26),VIX,p,2.0,-0.02,1,,2026-03-26,2026-04-14
(Dec 26),VIX,p,5.0,-0.05,11,0.3883159212636644,2026-03-26,2026-04-14
(Dec 26),VIX,p,10.0,-0.1,12,0.3714491001243897,2026-03-26,2026-04-14
(Dec 26),VIX,p,15.0,-0.15,12,0.3130743891218088,2026-03-26,2026-04-14
(Dec 26),VIX,p,20.0,-0.2,12,0.4875557070445724,2026-03-26,2026-04-14
(Dec 26),VIX,p,25.0,-0.25,12,0.6673723619431838,2026-03-26,2026-04-14
(Dec 26),VIX,p,30.0,-0.3,12,0.6389421722000713,2026-03-26,2026-04-14
(Dec 26),VIX,p,35.0,-0.35,12,0.39883991976241634,2026-03-26,2026-04-14
(Dec 26),VIX,p,40.0,-0.4,12,0.44069159685150183,2026-03-26,2026-04-14
(Dec 26),VIX,p,45.0,-0.45,12,0.37933950384658965,2026-03-26,2026-04-14
(Dec 26),VIX,p,50.0,-0.5,12,0.05687182707053332,2026-03-26,2026-04-14
(Dec 26),SPX,c,0.1,0.001,13,-0.45913251850519043,2025-09-18,2026-04-14
(Dec 26),SPX,c,0.5,0.005,13,0.2698294340508019,2025-09-18,2026-04-14
(Dec 26),SPX,c,1.0,0.01,13,-0.09587532368926659,2025-09-18,2026-04-14
(Dec 26),SPX,c,2.0,0.02,13,-0.10251638858193743,2025-09-18,2026-04-14
(Dec 26),SPX,c,5.0,0.05,13,-0.05157609198998934,2025-09-18,2026-04-14
(Dec 26),SPX,c,10.0,0.1,13,0.2887154934670238,2025-09-18,2026-04-14
(Dec 26),SPX,c,15.0,0.15,13,0.6041472989544671,2025-09-18,2026-04-14
(Dec 26),SPX,c,20.0,0.2,13,0.5447832969866353,2025-09-18,2026-04-14
(Dec 26),SPX,c,25.0,0.25,13,0.41075603147890066,2025-09-18,2026-04-14
(Dec 26),SPX,c,30.0,0.3,13,0.6428675914119399,2025-09-18,2026-04-14
(Dec 26),SPX,c,35.0,0.35,13,0.6918620886515812,2025-09-18,2026-04-14
(Dec 26),SPX,c,40.0,0.4,13,0.7506450778205165,2025-09-18,2026-04-14
(Dec 26),SPX,c,45.0,0.45,13,0.43606498806142224,2025-09-18,2026-04-14
(Dec 26),SPX,c,50.0,0.5,13,0.7236831981073338,2025-09-18,2026-04-14
(Dec 26),VIX,c,0.1,0.001,4,,2026-03-26,2026-04-14
(Dec 26),VIX,c,0.5,0.005,4,,2026-03-26,2026-04-14
(Dec 26),VIX,c,1.0,0.01,4,,2026-03-26,2026-04-14
(Dec 26),VIX,c,2.0,0.02,4,,2026-03-26,2026-04-14
(Dec 26),VIX,c,5.0,0.05,11,,2026-03-26,2026-04-14
(Dec 26),VIX,c,10.0,0.1,12,0.17731525495189385,2026-03-26,2026-04-14
(Dec 26),VIX,c,15.0,0.15,12,0.02095632235495828,2026-03-26,2026-04-14
(Dec 26),VIX,c,20.0,0.2,12,0.46605625407815554,2026-03-26,2026-04-14
(Dec 26),VIX,c,25.0,0.25,12,0.08086996316376673,2026-03-26,2026-04-14
(Dec 26),VIX,c,30.0,0.3,12,0.5433489040123672,2026-03-26,2026-04-14
(Dec 26),VIX,c,35.0,0.35,12,0.7757050147122498,2026-03-26,2026-04-14
(Dec 26),VIX,c,40.0,0.4,12,0.5335875654301316,2026-03-26,2026-04-14
(Dec 26),VIX,c,45.0,0.45,12,0.5115853326842409,2026-03-26,2026-04-14
(Dec 26),VIX,c,50.0,0.5,12,-0.23945865917850315,2026-03-26,2026-04-14
